case_type,session_id,predicted_ts,gt_ts,error_seconds,score,gt_index,case_id
TP,ses_20260701-075604-LAPTOP-0IM1OHQH,2026-07-01 08:02:12.438000+00:00,2026-07-01 08:02:07.764075+00:00,4.673925,7.0,1981.0,1
TP,ses_20260701-120828-LAPTOP-0IM1OHQH,2026-07-01 12:09:58.693000+00:00,2026-07-01 12:10:03.162134+00:00,4.469134,8.0,2834.0,2
TP,ses_20260701-103853-Marcos,2026-07-01 10:54:13.553000+00:00,2026-07-01 10:54:09.101560+00:00,4.45144,13.0,2565.0,3
TP,ses_20260701-083656-LAPTOP-0IM1OHQH,2026-07-01 08:46:24.616000+00:00,2026-07-01 08:46:20.379208+00:00,4.236792,8.0,2146.0,4
TP,ses_20260701-005920-yuvraj,2026-07-01 01:19:12.021000+00:00,2026-07-01 01:19:16.200841+00:00,4.179841,3.0,602.0,5
TP,ses_20260701-063106-LAPTOP-R36BQBTE,2026-07-01 06:35:18.557000+00:00,2026-07-01 06:35:14.441129+00:00,4.115871,26.5,1517.0,6
TP,ses_20260701-083656-LAPTOP-0IM1OHQH,2026-07-01 08:49:08.616000+00:00,2026-07-01 08:49:04.508851+00:00,4.107149,7.0,2156.0,7
TP,ses_20260701-110548-LAPTOP-0IM1OHQH,2026-07-01 11:09:26.720000+00:00,2026-07-01 11:09:22.634524+00:00,4.085476,9.0,2591.0,8
TP,ses_20260701-120828-LAPTOP-0IM1OHQH,2026-07-01 12:16:06.693000+00:00,2026-07-01 12:16:02.613942+00:00,4.079058,9.0,2852.0,9
TP,ses_20260701-055037-Marcos,2026-07-01 05:59:15.051000+00:00,2026-07-01 05:59:19.129579+00:00,4.0785789999999995,3.0,1287.0,10
FP,ses_20260701-070320-JAYESH,2026-07-01 07:28:06.759000+00:00,,,27.0,,11
FP,ses_20260630-145433-JAYESH,2026-06-30 15:08:33.445000+00:00,,,27.0,,12
FP,ses_20260701-030836-yuvraj,2026-07-01 03:13:30.377000+00:00,,,27.0,,13
FP,ses_20260701-070320-JAYESH,2026-07-01 07:15:36.759000+00:00,,,24.0,,14
FP,ses_20260701-030836-yuvraj,2026-07-01 03:22:04.377000+00:00,,,23.0,,15
FP,ses_20260701-075604-LAPTOP-0IM1OHQH,2026-07-01 08:04:38.438000+00:00,,,17.0,,16
FP,ses_20260701-053720-SIDDHIGUPTAB00B,2026-07-01 05:56:46.510000+00:00,,,15.0,,17
FP,ses_20260701-053720-SIDDHIGUPTAB00B,2026-07-01 05:50:04.510000+00:00,,,15.0,,18
FP,ses_20260701-035622-SIDDHIGUPTAB00B,2026-07-01 04:10:06.434000+00:00,,,15.0,,19
FP,ses_20260630-164418-MSI,2026-06-30 17:02:40.982000+00:00,,,15.0,,20
FN,ses_20260630-121953-LAPTOP-R36BQBTE,,2026-06-30 12:21:41.332221+00:00,,,1.0,21
FN,ses_20260630-124826-CHAITANYA0BCF,,2026-06-30 12:49:59.457850+00:00,,,60.0,22
FN,ses_20260630-125757-LAPTOP-R36BQBTE,,2026-06-30 12:59:33.421078+00:00,,,115.0,23
FN,ses_20260630-131729-CHAITANYA0BCF,,2026-06-30 13:19:25.384441+00:00,,,159.0,24
FN,ses_20260630-132737-LAPTOP-R36BQBTE,,2026-06-30 13:29:55.558351+00:00,,,204.0,25
FN,ses_20260630-135201-LAPTOP-R36BQBTE,,2026-06-30 13:53:42.872986+00:00,,,253.0,26
FN,ses_20260630-135451-CHAITANYA0BCF,,2026-06-30 13:56:09.833748+00:00,,,304.0,27
FN,ses_20260630-145433-JAYESH,,2026-06-30 14:55:52.347955+00:00,,,360.0,28
FN,ses_20260630-163424-SIDDHIGUPTAB00B,,2026-06-30 16:35:47.740296+00:00,,,430.0,29
FN,ses_20260630-164418-MSI,,2026-06-30 16:45:46.008496+00:00,,,488.0,30
