feature,boundary_mean,control_mean,boundary_to_control_ratio,difference
app_switch_count,22.429174880315404,9.922120064899946,2.260522421983167,12.507054815415458
browser_navigation_count,0.7310616727682343,0.3355868036776636,2.1784577485067933,0.3954748690905707
browser_click_count,2.2621796676992396,1.5383991346673878,1.4704764301549988,0.7237805330318519
mouse_click_count,2.513939735285835,1.747701460248783,1.4384262944587682,0.766238275037052
screenshot_count,11.624331174317094,9.653596538669552,1.2041451212253735,1.970734635647542
event_count,56.403829907068435,49.547863710113575,1.1383705710717744,6.85596619695486
browser_form_input_count,0.7062799211489721,0.6387236343969713,1.1057676326879335,0.06755628675200076
unique_event_types,8.8256829062236,8.261763115197404,1.06825659162133,0.5639197910261959
unique_window_titles,2.1779780343565194,2.08112493239589,1.046538821602184,0.09685310196062957
max_event_gap_seconds,3.497420163334272,3.410242563547864,1.0255634601239954,0.08717759978640771
mouse_scroll_count,1.0430864545198535,1.0592212006489994,0.984767349710089,-0.016134746129145894
clipboard_change_count,1.6243311743170938,1.704434829637642,0.9530028054298926,-0.08010365532054808
median_event_gap_seconds,0.05454252323289216,0.05834451054624122,0.9348355607450717,-0.0038019873133490617
unique_apps,1.5359053787665446,1.6814494321254732,0.9134413140364558,-0.1455440533589285
keystroke_count,9.414249507181076,16.95646295294754,0.5552012547253906,-7.542213445766464
window_title_change_count,0.050408335680090115,0.20254191454840453,0.24887853851131275,-0.1521335788683144
