metric,value
expected_segments,540
actual_segments,540
expected_events,20477
actual_events_loaded,20477
events_assigned_to_segments,20477
events_not_assigned_to_any_segment,0
duplicate_event_assignments,1
parse_errors,0
duplicate_segment_keys,0
invalid_segment_times,0
segment_sessions,15
event_sessions_missing_from_segments,0
segment_sessions_missing_from_events,0
session_contiguity_failures,0
segments_with_zero_events,1
segments_with_cross_session_events,0
pi_raw_dom_value_occurrence_segments,220
la_raw_dom_value_occurrence_segments,106
ob_raw_dom_value_occurrence_segments,88
si_raw_dom_value_occurrence_segments,74
rt_raw_dom_value_occurrence_segments,58
