family,candidate,workload_evidence,mechanical_human_evidence,semantic_evidence,application_evidence,route_evidence,dom_evidence,method_note
pi,pi_family_level_workflow,Layer 7 all-540 family quantification,Layer 8 family decomposition,Layer 4 family validation + Layer 6 semantic evidence,Raw Dataset-B events.jsonl re-parsed per segment using exact event.app,Layer 2 URL inventory + Layer 3 segment evidence,Layer 2 DOM inventory + Layer 4 family validation,Application metrics in this version do not use substring matching or visible/open-app context.
la,la_family_level_workflow,Layer 7 all-540 family quantification,Layer 8 family decomposition,Layer 4 family validation + Layer 6 semantic evidence,Raw Dataset-B events.jsonl re-parsed per segment using exact event.app,Layer 2 URL inventory + Layer 3 segment evidence,Layer 2 DOM inventory + Layer 4 family validation,Application metrics in this version do not use substring matching or visible/open-app context.
ob,ob_family_level_workflow,Layer 7 all-540 family quantification,Layer 8 family decomposition,Layer 4 family validation + Layer 6 semantic evidence,Raw Dataset-B events.jsonl re-parsed per segment using exact event.app,Layer 2 URL inventory + Layer 3 segment evidence,Layer 2 DOM inventory + Layer 4 family validation,Application metrics in this version do not use substring matching or visible/open-app context.
si,si_family_level_workflow,Layer 7 all-540 family quantification,Layer 8 family decomposition,Layer 4 family validation + Layer 6 semantic evidence,Raw Dataset-B events.jsonl re-parsed per segment using exact event.app,Layer 2 URL inventory + Layer 3 segment evidence,Layer 2 DOM inventory + Layer 4 family validation,Application metrics in this version do not use substring matching or visible/open-app context.
rt,rt_family_level_workflow,Layer 7 all-540 family quantification,Layer 8 family decomposition,Layer 4 family validation + Layer 6 semantic evidence,Raw Dataset-B events.jsonl re-parsed per segment using exact event.app,Layer 2 URL inventory + Layer 3 segment evidence,Layer 2 DOM inventory + Layer 4 family validation,Application metrics in this version do not use substring matching or visible/open-app context.
other,other_family_level_workflow,Layer 7 all-540 family quantification,Layer 8 family decomposition,Layer 4 family validation + Layer 6 semantic evidence,Raw Dataset-B events.jsonl re-parsed per segment using exact event.app,Layer 2 URL inventory + Layer 3 segment evidence,Layer 2 DOM inventory + Layer 4 family validation,Application metrics in this version do not use substring matching or visible/open-app context.
pi,expense_reimbursement,Layer 7 all-540 family quantification,Layer 8 family decomposition,Layer 5 direct OCR taxonomy,Raw Dataset-B events.jsonl re-parsed per segment using exact event.app,Layer 2 URL inventory + Layer 3 segment evidence,Layer 2 DOM inventory + Layer 4 family validation,Application metrics in this version do not use substring matching or visible/open-app context.
pi,payroll_change,Layer 7 all-540 family quantification,Layer 8 family decomposition,Layer 5 direct OCR taxonomy,Raw Dataset-B events.jsonl re-parsed per segment using exact event.app,Layer 2 URL inventory + Layer 3 segment evidence,Layer 2 DOM inventory + Layer 4 family validation,Application metrics in this version do not use substring matching or visible/open-app context.
pi,dependent_deduction,Layer 7 all-540 family quantification,Layer 8 family decomposition,Layer 5 direct OCR taxonomy,Raw Dataset-B events.jsonl re-parsed per segment using exact event.app,Layer 2 URL inventory + Layer 3 segment evidence,Layer 2 DOM inventory + Layer 4 family validation,Application metrics in this version do not use substring matching or visible/open-app context.
pi,transportation_expense,Layer 7 all-540 family quantification,Layer 8 family decomposition,Layer 5 direct OCR taxonomy,Raw Dataset-B events.jsonl re-parsed per segment using exact event.app,Layer 2 URL inventory + Layer 3 segment evidence,Layer 2 DOM inventory + Layer 4 family validation,Application metrics in this version do not use substring matching or visible/open-app context.
la,attendance_leave,Layer 7 all-540 family quantification,Layer 8 family decomposition,Layer 5 direct OCR taxonomy,Raw Dataset-B events.jsonl re-parsed per segment using exact event.app,Layer 2 URL inventory + Layer 3 segment evidence,Layer 2 DOM inventory + Layer 4 family validation,Application metrics in this version do not use substring matching or visible/open-app context.
la,paid_leave,Layer 7 all-540 family quantification,Layer 8 family decomposition,Layer 5 direct OCR taxonomy,Raw Dataset-B events.jsonl re-parsed per segment using exact event.app,Layer 2 URL inventory + Layer 3 segment evidence,Layer 2 DOM inventory + Layer 4 family validation,Application metrics in this version do not use substring matching or visible/open-app context.
ob,onboarding,Layer 7 all-540 family quantification,Layer 8 family decomposition,Layer 5 direct OCR taxonomy,Raw Dataset-B events.jsonl re-parsed per segment using exact event.app,Layer 2 URL inventory + Layer 3 segment evidence,Layer 2 DOM inventory + Layer 4 family validation,Application metrics in this version do not use substring matching or visible/open-app context.
ob,onboarding_insurance,Layer 7 all-540 family quantification,Layer 8 family decomposition,Layer 5 direct OCR taxonomy,Raw Dataset-B events.jsonl re-parsed per segment using exact event.app,Layer 2 URL inventory + Layer 3 segment evidence,Layer 2 DOM inventory + Layer 4 family validation,Application metrics in this version do not use substring matching or visible/open-app context.
ob,onboarding_allowances,Layer 7 all-540 family quantification,Layer 8 family decomposition,Layer 5 direct OCR taxonomy,Raw Dataset-B events.jsonl re-parsed per segment using exact event.app,Layer 2 URL inventory + Layer 3 segment evidence,Layer 2 DOM inventory + Layer 4 family validation,Application metrics in this version do not use substring matching or visible/open-app context.
ob,my_number,Layer 7 all-540 family quantification,Layer 8 family decomposition,Layer 5 direct OCR taxonomy,Raw Dataset-B events.jsonl re-parsed per segment using exact event.app,Layer 2 URL inventory + Layer 3 segment evidence,Layer 2 DOM inventory + Layer 4 family validation,Application metrics in this version do not use substring matching or visible/open-app context.
si,social_insurance,Layer 7 all-540 family quantification,Layer 8 family decomposition,Layer 5 direct OCR taxonomy,Raw Dataset-B events.jsonl re-parsed per segment using exact event.app,Layer 2 URL inventory + Layer 3 segment evidence,Layer 2 DOM inventory + Layer 4 family validation,Application metrics in this version do not use substring matching or visible/open-app context.
si,maternity_leave,Layer 7 all-540 family quantification,Layer 8 family decomposition,Layer 5 direct OCR taxonomy,Raw Dataset-B events.jsonl re-parsed per segment using exact event.app,Layer 2 URL inventory + Layer 3 segment evidence,Layer 2 DOM inventory + Layer 4 family validation,Application metrics in this version do not use substring matching or visible/open-app context.
si,childcare_leave,Layer 7 all-540 family quantification,Layer 8 family decomposition,Layer 5 direct OCR taxonomy,Raw Dataset-B events.jsonl re-parsed per segment using exact event.app,Layer 2 URL inventory + Layer 3 segment evidence,Layer 2 DOM inventory + Layer 4 family validation,Application metrics in this version do not use substring matching or visible/open-app context.
si,insurance_exemption,Layer 7 all-540 family quantification,Layer 8 family decomposition,Layer 5 direct OCR taxonomy,Raw Dataset-B events.jsonl re-parsed per segment using exact event.app,Layer 2 URL inventory + Layer 3 segment evidence,Layer 2 DOM inventory + Layer 4 family validation,Application metrics in this version do not use substring matching or visible/open-app context.
