family,session_id,total_segments,segments_with_ocr,total_ocr_screenshots,mean_ocr_screenshots_per_covered_segment,ocr_coverage_pct
la,ses_20260701-164424-CHAITANYA0BCF,7,1,47,47.0,14.285714285714285
la,ses_20260701-173246-SIDDHIGUPTAB00B,7,1,1,1.0,14.285714285714285
la,ses_20260701-173642-NEELA9BAF,4,0,0,0.0,0.0
la,ses_20260701-175258-LAPTOP-76QMG9DE,1,1,25,25.0,100.0
la,ses_20260701-175747-SIDDHIGUPTAB00B,5,1,12,12.0,20.0
la,ses_20260701-180923-NEELA9BAF,9,3,56,18.666666666666668,33.33333333333333
la,ses_20260701-181413-LAPTOP-76QMG9DE,13,3,49,16.333333333333332,23.076923076923077
la,ses_20260701-181913-SIDDHIGUPTAB00B,11,2,31,15.5,18.181818181818183
la,ses_20260701-182634-NEELA9BAF,11,2,3,1.5,18.181818181818183
la,ses_20260701-183232-LAPTOP-76QMG9DE,2,1,1,1.0,50.0
la,ses_20260701-184201-LAPTOP-76QMG9DE,12,3,3,1.0,25.0
la,ses_20260701-190250-NEELA9BAF,7,2,2,1.0,28.57142857142857
la,ses_20260701-191537-LAPTOP-76QMG9DE,3,1,1,1.0,33.33333333333333
la,ses_20260701-192455-NEELA9BAF,7,0,0,0.0,0.0
ob,ses_20260701-171614-CHAITANYA0BCF,6,3,68,22.666666666666668,50.0
ob,ses_20260701-173246-SIDDHIGUPTAB00B,5,2,44,22.0,40.0
ob,ses_20260701-175258-LAPTOP-76QMG9DE,17,3,23,7.666666666666667,17.647058823529413
ob,ses_20260701-180923-NEELA9BAF,8,2,50,25.0,25.0
ob,ses_20260701-181413-LAPTOP-76QMG9DE,6,1,4,4.0,16.666666666666664
ob,ses_20260701-181913-SIDDHIGUPTAB00B,4,1,1,1.0,25.0
ob,ses_20260701-184201-LAPTOP-76QMG9DE,19,0,0,0.0,0.0
ob,ses_20260701-190250-NEELA9BAF,2,0,0,0.0,0.0
ob,ses_20260701-191537-LAPTOP-76QMG9DE,5,0,0,0.0,0.0
ob,ses_20260701-192455-NEELA9BAF,5,0,0,0.0,0.0
other,ses_20260701-164424-CHAITANYA0BCF,1,0,0,0.0,0.0
other,ses_20260701-171614-CHAITANYA0BCF,3,0,0,0.0,0.0
other,ses_20260701-173246-SIDDHIGUPTAB00B,3,0,0,0.0,0.0
other,ses_20260701-173642-NEELA9BAF,3,0,0,0.0,0.0
other,ses_20260701-175258-LAPTOP-76QMG9DE,2,0,0,0.0,0.0
other,ses_20260701-175747-SIDDHIGUPTAB00B,1,0,0,0.0,0.0
other,ses_20260701-181413-LAPTOP-76QMG9DE,1,0,0,0.0,0.0
other,ses_20260701-181913-SIDDHIGUPTAB00B,3,0,0,0.0,0.0
other,ses_20260701-182634-NEELA9BAF,1,0,0,0.0,0.0
other,ses_20260701-183232-LAPTOP-76QMG9DE,1,0,0,0.0,0.0
other,ses_20260701-190250-NEELA9BAF,2,0,0,0.0,0.0
other,ses_20260701-191537-LAPTOP-76QMG9DE,3,0,0,0.0,0.0
other,ses_20260701-192455-NEELA9BAF,8,0,0,0.0,0.0
pi,ses_20260701-164424-CHAITANYA0BCF,14,9,13,1.4444444444444444,64.28571428571429
pi,ses_20260701-171614-CHAITANYA0BCF,11,2,44,22.0,18.181818181818183
pi,ses_20260701-173246-SIDDHIGUPTAB00B,9,6,9,1.5,66.66666666666666
pi,ses_20260701-173642-NEELA9BAF,21,3,64,21.333333333333332,14.285714285714285
pi,ses_20260701-175258-LAPTOP-76QMG9DE,18,3,69,23.0,16.666666666666664
pi,ses_20260701-175747-SIDDHIGUPTAB00B,26,13,19,1.4615384615384615,50.0
pi,ses_20260701-180923-NEELA9BAF,13,6,10,1.6666666666666667,46.15384615384615
pi,ses_20260701-181413-LAPTOP-76QMG9DE,9,1,19,19.0,11.11111111111111
pi,ses_20260701-181913-SIDDHIGUPTAB00B,5,4,9,2.25,80.0
pi,ses_20260701-182634-NEELA9BAF,3,3,5,1.6666666666666667,100.0
pi,ses_20260701-183232-LAPTOP-76QMG9DE,11,8,14,1.75,72.72727272727273
pi,ses_20260701-184201-LAPTOP-76QMG9DE,4,1,1,1.0,25.0
pi,ses_20260701-190250-NEELA9BAF,23,17,24,1.411764705882353,73.91304347826086
pi,ses_20260701-191537-LAPTOP-76QMG9DE,23,13,21,1.6153846153846154,56.52173913043478
pi,ses_20260701-192455-NEELA9BAF,19,11,25,2.272727272727273,57.89473684210527
rt,ses_20260701-164424-CHAITANYA0BCF,5,2,21,10.5,40.0
rt,ses_20260701-171614-CHAITANYA0BCF,9,3,33,11.0,33.33333333333333
rt,ses_20260701-173246-SIDDHIGUPTAB00B,9,2,21,10.5,22.22222222222222
rt,ses_20260701-173642-NEELA9BAF,3,2,22,11.0,66.66666666666666
rt,ses_20260701-175747-SIDDHIGUPTAB00B,5,3,31,10.333333333333334,60.0
rt,ses_20260701-180923-NEELA9BAF,6,1,10,10.0,16.666666666666664
rt,ses_20260701-183232-LAPTOP-76QMG9DE,8,0,0,0.0,0.0
rt,ses_20260701-184201-LAPTOP-76QMG9DE,6,0,0,0.0,0.0
rt,ses_20260701-192455-NEELA9BAF,4,0,0,0.0,0.0
si,ses_20260701-164424-CHAITANYA0BCF,2,1,18,18.0,50.0
si,ses_20260701-171614-CHAITANYA0BCF,13,4,79,19.75,30.76923076923077
si,ses_20260701-173246-SIDDHIGUPTAB00B,10,3,45,15.0,30.0
si,ses_20260701-173642-NEELA9BAF,10,2,17,8.5,20.0
si,ses_20260701-175747-SIDDHIGUPTAB00B,6,3,28,9.333333333333334,50.0
si,ses_20260701-181413-LAPTOP-76QMG9DE,10,1,21,21.0,10.0
si,ses_20260701-182634-NEELA9BAF,13,0,0,0.0,0.0
si,ses_20260701-191537-LAPTOP-76QMG9DE,4,0,0,0.0,0.0
