session_id,segment_index,raw_event_count,raw_event_types,raw_screenshot_event_count,raw_clipboard_event_count,raw_form_input_event_count,step2_tables_with_matching_row,step2_sources,ocr_record_count,ocr_direct_present
ses_20260701-164424-CHAITANYA0BCF,1,21,screenshot_smart=7 | app_switch=4 | mouse_click=3 | browser_click=3 | keystroke=2 | browser_navigation=1 | shortcut=1,7,0,0,2,step3a1_pi_segment_evidence.csv | step2_layer6_semantic_segment_profiles.csv,0,False
ses_20260701-164424-CHAITANYA0BCF,2,20,screenshot_smart=6 | mouse_click=3 | browser_click=3 | app_switch=2 | keystroke=2 | mouse_scroll=1 | clipboard_change=1 | shortcut=1 | browser_form_input=1,6,1,1,2,step3a1_pi_segment_evidence.csv | step2_layer6_semantic_segment_profiles.csv,1,True
ses_20260701-164424-CHAITANYA0BCF,3,319,mouse_scroll=235 | keystroke=32 | screenshot_smart=22 | mouse_click=7 | app_switch=7 | browser_click=5 | shortcut=5 | clipboard_change=2 | text_input_complete=2 | window_title_change=1 | browser_form_input=1,22,2,1,2,step3a1_pi_segment_evidence.csv | step2_layer6_semantic_segment_profiles.csv,0,False
ses_20260701-164424-CHAITANYA0BCF,4,26,screenshot_smart=7 | app_switch=4 | mouse_click=3 | browser_click=3 | keystroke=2 | browser_navigation=1 | mouse_scroll=1 | window_state_change=1 | window_title_change=1 | clipboard_change=1 | shortcut=1 | browser_form_input=1,7,1,1,2,step3a1_pi_segment_evidence.csv | step2_layer6_semantic_segment_profiles.csv,3,True
ses_20260701-164424-CHAITANYA0BCF,5,19,screenshot_smart=5 | mouse_scroll=3 | mouse_click=3 | browser_click=3 | keystroke=2 | clipboard_change=1 | shortcut=1 | browser_form_input=1,5,1,1,2,step3a1_pi_segment_evidence.csv | step2_layer6_semantic_segment_profiles.csv,1,True
ses_20260701-164424-CHAITANYA0BCF,6,42,screenshot_smart=10 | keystroke=8 | mouse_scroll=6 | mouse_click=6 | browser_click=6 | clipboard_change=2 | shortcut=2 | browser_form_input=2,10,2,2,2,step3a1_pi_segment_evidence.csv | step2_layer6_semantic_segment_profiles.csv,1,True
ses_20260701-164424-CHAITANYA0BCF,7,19,screenshot_smart=5 | mouse_click=3 | browser_click=3 | mouse_scroll=2 | keystroke=2 | app_switch=1 | clipboard_change=1 | shortcut=1 | browser_form_input=1,5,1,1,2,step3a1_pi_segment_evidence.csv | step2_layer6_semantic_segment_profiles.csv,0,False
ses_20260701-164424-CHAITANYA0BCF,8,79,keystroke=32 | screenshot_smart=16 | app_switch=6 | mouse_click=5 | browser_click=5 | shortcut=5 | mouse_scroll=4 | clipboard_change=2 | text_input_complete=2 | browser_form_input=1 | window_title_change=1,16,2,1,2,step3a1_pi_segment_evidence.csv | step2_layer6_semantic_segment_profiles.csv,1,True
ses_20260701-164424-CHAITANYA0BCF,9,69,keystroke=30 | screenshot_smart=14 | app_switch=6 | mouse_click=4 | browser_click=4 | shortcut=4 | browser_form_input=2 | text_input_complete=2 | window_title_change=1 | mouse_scroll=1 | clipboard_change=1,14,1,2,2,step3a1_pi_segment_evidence.csv | step2_layer6_semantic_segment_profiles.csv,1,True
ses_20260701-164424-CHAITANYA0BCF,10,24,keystroke=6 | screenshot_smart=5 | mouse_click=3 | browser_click=3 | mouse_scroll=2 | browser_navigation=1 | app_switch=1 | clipboard_change=1 | shortcut=1 | browser_form_input=1,5,1,1,2,step3a1_pi_segment_evidence.csv | step2_layer6_semantic_segment_profiles.csv,3,True
ses_20260701-164424-CHAITANYA0BCF,11,20,screenshot_smart=5 | mouse_click=3 | browser_click=3 | app_switch=3 | keystroke=2 | mouse_scroll=1 | clipboard_change=1 | shortcut=1 | browser_form_input=1,5,1,1,2,step3a1_pi_segment_evidence.csv | step2_layer6_semantic_segment_profiles.csv,0,False
ses_20260701-164424-CHAITANYA0BCF,12,13,screenshot_smart=3 | mouse_click=2 | browser_click=2 | mouse_scroll=2 | keystroke=2 | clipboard_change=1 | shortcut=1,3,1,0,2,step3a1_pi_segment_evidence.csv | step2_layer6_semantic_segment_profiles.csv,0,False
ses_20260701-164424-CHAITANYA0BCF,13,17,screenshot_smart=4 | mouse_click=3 | browser_click=3 | mouse_scroll=2 | keystroke=2 | browser_form_input=1 | clipboard_change=1 | shortcut=1,4,1,1,2,step3a1_pi_segment_evidence.csv | step2_layer6_semantic_segment_profiles.csv,0,False
ses_20260701-164424-CHAITANYA0BCF,14,4,browser_form_input=1 | mouse_click=1 | browser_click=1 | screenshot_smart=1,1,0,1,2,step3a1_pi_segment_evidence.csv | step2_layer6_semantic_segment_profiles.csv,0,False
ses_20260701-171614-CHAITANYA0BCF,1,22,screenshot_smart=7 | mouse_click=3 | browser_click=3 | mouse_scroll=2 | keystroke=2 | browser_navigation=1 | app_switch=1 | clipboard_change=1 | shortcut=1 | browser_form_input=1,7,1,1,2,step3a1_pi_segment_evidence.csv | step2_layer6_semantic_segment_profiles.csv,0,False
ses_20260701-171614-CHAITANYA0BCF,2,38,screenshot_smart=9 | keystroke=8 | mouse_scroll=6 | mouse_click=5 | browser_click=5 | clipboard_change=2 | shortcut=2 | browser_form_input=1,9,2,1,2,step3a1_pi_segment_evidence.csv | step2_layer6_semantic_segment_profiles.csv,0,False
ses_20260701-171614-CHAITANYA0BCF,3,29,screenshot_smart=7 | keystroke=6 | mouse_click=4 | browser_click=4 | mouse_scroll=4 | browser_form_input=2 | clipboard_change=1 | shortcut=1,7,1,2,2,step3a1_pi_segment_evidence.csv | step2_layer6_semantic_segment_profiles.csv,0,False
ses_20260701-171614-CHAITANYA0BCF,4,19,screenshot_smart=5 | mouse_click=3 | browser_click=3 | keystroke=2 | browser_navigation=1 | app_switch=1 | mouse_scroll=1 | clipboard_change=1 | shortcut=1 | browser_form_input=1,5,1,1,2,step3a1_pi_segment_evidence.csv | step2_layer6_semantic_segment_profiles.csv,0,False
ses_20260701-171614-CHAITANYA0BCF,5,22,keystroke=6 | screenshot_smart=4 | shortcut=3 | clipboard_change=2 | mouse_scroll=2 | mouse_click=2 | browser_click=2 | app_switch=1,4,2,0,2,step3a1_pi_segment_evidence.csv | step2_layer6_semantic_segment_profiles.csv,0,False
ses_20260701-171614-CHAITANYA0BCF,6,38,screenshot_smart=10 | mouse_click=6 | browser_click=6 | mouse_scroll=6 | keystroke=4 | browser_form_input=2 | clipboard_change=2 | shortcut=2,10,2,2,2,step3a1_pi_segment_evidence.csv | step2_layer6_semantic_segment_profiles.csv,0,False
ses_20260701-171614-CHAITANYA0BCF,7,10,screenshot_smart=4 | browser_form_input=1 | mouse_click=1 | browser_click=1 | app_switch=1 | mouse_scroll=1 | window_title_change=1,4,0,1,2,step3a1_pi_segment_evidence.csv | step2_layer6_semantic_segment_profiles.csv,0,False
ses_20260701-171614-CHAITANYA0BCF,8,75,screenshot_smart=19 | mouse_click=12 | browser_click=12 | mouse_scroll=11 | keystroke=8 | browser_form_input=4 | clipboard_change=4 | shortcut=4 | browser_navigation=1,19,4,4,2,step3a1_pi_segment_evidence.csv | step2_layer6_semantic_segment_profiles.csv,0,False
ses_20260701-171614-CHAITANYA0BCF,9,7,screenshot_smart=2 | browser_form_input=1 | mouse_click=1 | browser_click=1 | app_switch=1 | window_state_change=1,2,0,1,2,step3a1_pi_segment_evidence.csv | step2_layer6_semantic_segment_profiles.csv,0,False
ses_20260701-171614-CHAITANYA0BCF,10,102,screenshot_smart=25 | keystroke=20 | mouse_click=12 | browser_click=12 | mouse_scroll=9 | shortcut=8 | browser_form_input=5 | clipboard_change=5 | app_switch=4 | window_title_change=1 | browser_navigation=1,25,5,5,2,step3a1_pi_segment_evidence.csv | step2_layer6_semantic_segment_profiles.csv,0,False
ses_20260701-171614-CHAITANYA0BCF,11,23,screenshot_smart=6 | keystroke=4 | mouse_click=3 | extension_disconnected=3 | browser_navigation=2 | app_switch=2 | browser_click=1 | upload_started=1 | session_end=1,6,0,0,2,step3a1_pi_segment_evidence.csv | step2_layer6_semantic_segment_profiles.csv,0,False
ses_20260701-173246-SIDDHIGUPTAB00B,1,40,screenshot_smart=11 | keystroke=8 | app_switch=5 | shortcut=4 | mouse_click=3 | browser_click=3 | clipboard_change=2 | browser_navigation=1 | window_title_change=1 | window_state_change=1 | mouse_scroll=1,11,2,0,2,step3a1_pi_segment_evidence.csv | step2_layer6_semantic_segment_profiles.csv,0,False
ses_20260701-173246-SIDDHIGUPTAB00B,2,29,screenshot_smart=7 | keystroke=6 | mouse_click=3 | browser_click=3 | shortcut=3 | app_switch=2 | clipboard_change=2 | browser_form_input=1 | window_title_change=1 | mouse_scroll=1,7,2,1,2,step3a1_pi_segment_evidence.csv | step2_layer6_semantic_segment_profiles.csv,1,True
ses_20260701-173246-SIDDHIGUPTAB00B,3,35,screenshot_smart=9 | keystroke=6 | mouse_click=4 | browser_click=4 | mouse_scroll=4 | shortcut=3 | browser_form_input=2 | clipboard_change=2 | app_switch=1,9,2,2,2,step3a1_pi_segment_evidence.csv | step2_layer6_semantic_segment_profiles.csv,1,True
ses_20260701-173246-SIDDHIGUPTAB00B,4,21,screenshot_smart=6 | mouse_click=3 | browser_click=3 | mouse_scroll=2 | keystroke=2 | browser_navigation=1 | app_switch=1 | clipboard_change=1 | shortcut=1 | browser_form_input=1,6,1,1,2,step3a1_pi_segment_evidence.csv | step2_layer6_semantic_segment_profiles.csv,2,True
ses_20260701-173246-SIDDHIGUPTAB00B,5,29,screenshot_smart=7 | keystroke=6 | shortcut=3 | mouse_scroll=3 | mouse_click=3 | browser_click=3 | clipboard_change=2 | app_switch=1 | browser_form_input=1,7,2,1,2,step3a1_pi_segment_evidence.csv | step2_layer6_semantic_segment_profiles.csv,0,False
ses_20260701-173246-SIDDHIGUPTAB00B,6,26,keystroke=6 | screenshot_smart=5 | shortcut=3 | mouse_scroll=3 | app_switch=2 | clipboard_change=2 | mouse_click=2 | browser_click=2 | window_title_change=1,5,2,0,2,step3a1_pi_segment_evidence.csv | step2_layer6_semantic_segment_profiles.csv,0,False
ses_20260701-173246-SIDDHIGUPTAB00B,7,4,browser_form_input=1 | mouse_click=1 | browser_click=1 | screenshot_smart=1,1,0,1,2,step3a1_pi_segment_evidence.csv | step2_layer6_semantic_segment_profiles.csv,0,False
ses_20260701-173246-SIDDHIGUPTAB00B,8,24,keystroke=6 | screenshot_smart=5 | shortcut=3 | mouse_scroll=3 | clipboard_change=2 | mouse_click=2 | browser_click=2 | app_switch=1,5,2,0,2,step3a1_pi_segment_evidence.csv | step2_layer6_semantic_segment_profiles.csv,0,False
ses_20260701-173246-SIDDHIGUPTAB00B,9,9,screenshot_smart=3 | browser_form_input=1 | mouse_click=1 | browser_click=1 | app_switch=1 | window_title_change=1 | mouse_scroll=1,3,0,1,2,step3a1_pi_segment_evidence.csv | step2_layer6_semantic_segment_profiles.csv,0,False
ses_20260701-173642-NEELA9BAF,1,33,screenshot_smart=9 | mouse_click=5 | browser_click=5 | keystroke=4 | mouse_scroll=3 | clipboard_change=2 | shortcut=2 | browser_navigation=1 | app_switch=1 | browser_form_input=1,9,2,1,2,step3a1_pi_segment_evidence.csv | step2_layer6_semantic_segment_profiles.csv,0,False
ses_20260701-173642-NEELA9BAF,2,31,screenshot_smart=8 | keystroke=6 | mouse_click=4 | browser_click=4 | shortcut=3 | browser_form_input=2 | clipboard_change=2 | app_switch=1 | mouse_scroll=1,8,2,2,2,step3a1_pi_segment_evidence.csv | step2_layer6_semantic_segment_profiles.csv,0,False
ses_20260701-173642-NEELA9BAF,3,24,screenshot_smart=6 | keystroke=6 | shortcut=3 | app_switch=2 | clipboard_change=2 | mouse_click=2 | browser_click=2 | mouse_scroll=1,6,2,0,2,step3a1_pi_segment_evidence.csv | step2_layer6_semantic_segment_profiles.csv,0,False
ses_20260701-173642-NEELA9BAF,4,24,screenshot_smart=6 | keystroke=6 | shortcut=3 | mouse_click=2 | app_switch=2 | clipboard_change=2 | browser_form_input=1 | browser_click=1 | browser_navigation=1,6,2,1,2,step3a1_pi_segment_evidence.csv | step2_layer6_semantic_segment_profiles.csv,0,False
ses_20260701-173642-NEELA9BAF,5,19,screenshot_smart=6 | mouse_click=3 | browser_click=3 | keystroke=2 | browser_form_input=1 | app_switch=1 | mouse_scroll=1 | clipboard_change=1 | shortcut=1,6,1,1,2,step3a1_pi_segment_evidence.csv | step2_layer6_semantic_segment_profiles.csv,0,False
ses_20260701-173642-NEELA9BAF,6,4,browser_form_input=1 | mouse_click=1 | browser_click=1 | screenshot_smart=1,1,0,1,2,step3a1_pi_segment_evidence.csv | step2_layer6_semantic_segment_profiles.csv,0,False
ses_20260701-173642-NEELA9BAF,7,18,screenshot_smart=5 | mouse_click=3 | browser_click=3 | mouse_scroll=2 | keystroke=2 | clipboard_change=1 | shortcut=1 | browser_form_input=1,5,1,1,2,step3a1_pi_segment_evidence.csv | step2_layer6_semantic_segment_profiles.csv,0,False
ses_20260701-173642-NEELA9BAF,8,23,keystroke=6 | screenshot_smart=5 | shortcut=3 | app_switch=2 | clipboard_change=2 | mouse_click=2 | browser_click=2 | mouse_scroll=1,5,2,0,2,step3a1_pi_segment_evidence.csv | step2_layer6_semantic_segment_profiles.csv,0,False
ses_20260701-173642-NEELA9BAF,9,26,screenshot_smart=6 | keystroke=6 | mouse_click=3 | browser_click=3 | shortcut=3 | clipboard_change=2 | browser_form_input=1 | app_switch=1 | mouse_scroll=1,6,2,1,2,step3a1_pi_segment_evidence.csv | step2_layer6_semantic_segment_profiles.csv,0,False
ses_20260701-173642-NEELA9BAF,10,26,screenshot_smart=7 | app_switch=6 | mouse_click=3 | browser_click=3 | keystroke=2 | browser_navigation=1 | window_title_change=1 | clipboard_change=1 | shortcut=1 | browser_form_input=1,7,1,1,2,step3a1_pi_segment_evidence.csv | step2_layer6_semantic_segment_profiles.csv,0,False
ses_20260701-173642-NEELA9BAF,11,84,screenshot_smart=21 | mouse_click=14 | browser_click=14 | keystroke=10 | mouse_scroll=8 | clipboard_change=5 | shortcut=5 | browser_form_input=4 | app_switch=3,21,5,4,2,step3a1_pi_segment_evidence.csv | step2_layer6_semantic_segment_profiles.csv,0,False
ses_20260701-173642-NEELA9BAF,12,4,browser_form_input=1 | mouse_click=1 | browser_click=1 | screenshot_smart=1,1,0,1,2,step3a1_pi_segment_evidence.csv | step2_layer6_semantic_segment_profiles.csv,0,False
ses_20260701-173642-NEELA9BAF,13,14,screenshot_smart=4 | mouse_click=2 | browser_click=2 | keystroke=2 | app_switch=1 | mouse_scroll=1 | clipboard_change=1 | shortcut=1,4,1,0,2,step3a1_pi_segment_evidence.csv | step2_layer6_semantic_segment_profiles.csv,0,False
ses_20260701-173642-NEELA9BAF,14,4,browser_form_input=1 | mouse_click=1 | browser_click=1 | screenshot_smart=1,1,0,1,2,step3a1_pi_segment_evidence.csv | step2_layer6_semantic_segment_profiles.csv,0,False
ses_20260701-173642-NEELA9BAF,15,151,keystroke=64 | screenshot_smart=28 | app_switch=15 | mouse_click=9 | browser_click=9 | shortcut=9 | mouse_scroll=4 | clipboard_change=3 | browser_form_input=3 | window_state_change=3 | text_input_complete=3 | window_title_change=1,28,3,3,2,step3a1_pi_segment_evidence.csv | step2_layer6_semantic_segment_profiles.csv,0,False
ses_20260701-173642-NEELA9BAF,16,18,screenshot_smart=5 | mouse_click=2 | browser_click=2 | mouse_scroll=2 | keystroke=2 | browser_navigation=1 | app_switch=1 | clipboard_change=1 | shortcut=1 | browser_form_input=1,5,1,1,2,step3a1_pi_segment_evidence.csv | step2_layer6_semantic_segment_profiles.csv,0,False
ses_20260701-173642-NEELA9BAF,17,56,screenshot_smart=15 | mouse_click=9 | browser_click=9 | mouse_scroll=9 | keystroke=6 | clipboard_change=3 | shortcut=3 | browser_form_input=2,15,3,2,2,step3a1_pi_segment_evidence.csv | step2_layer6_semantic_segment_profiles.csv,0,False
ses_20260701-173642-NEELA9BAF,18,16,screenshot_smart=5 | app_switch=2 | mouse_click=2 | browser_click=2 | keystroke=2 | clipboard_change=1 | shortcut=1 | browser_form_input=1,5,1,1,2,step3a1_pi_segment_evidence.csv | step2_layer6_semantic_segment_profiles.csv,0,False
ses_20260701-173642-NEELA9BAF,19,19,screenshot_smart=5 | mouse_click=3 | browser_click=3 | app_switch=2 | keystroke=2 | mouse_scroll=1 | clipboard_change=1 | shortcut=1 | browser_form_input=1,5,1,1,2,step3a1_pi_segment_evidence.csv | step2_layer6_semantic_segment_profiles.csv,0,False
ses_20260701-173642-NEELA9BAF,20,15,screenshot_smart=4 | mouse_scroll=3 | mouse_click=2 | browser_click=2 | keystroke=2 | clipboard_change=1 | shortcut=1,4,1,0,2,step3a1_pi_segment_evidence.csv | step2_layer6_semantic_segment_profiles.csv,0,False
ses_20260701-173642-NEELA9BAF,21,72,keystroke=30 | screenshot_smart=14 | app_switch=6 | mouse_click=4 | browser_click=4 | shortcut=4 | browser_form_input=2 | window_title_change=2 | text_input_complete=2 | mouse_scroll=2 | window_state_change=1 | clipboard_change=1,14,1,2,2,step3a1_pi_segment_evidence.csv | step2_layer6_semantic_segment_profiles.csv,21,True
ses_20260701-175258-LAPTOP-76QMG9DE,1,21,screenshot_smart=7 | mouse_click=3 | browser_click=3 | keystroke=2 | browser_navigation=1 | app_switch=1 | mouse_scroll=1 | clipboard_change=1 | shortcut=1 | browser_form_input=1,7,1,1,2,step3a1_pi_segment_evidence.csv | step2_layer6_semantic_segment_profiles.csv,0,False
ses_20260701-175258-LAPTOP-76QMG9DE,2,16,screenshot_smart=5 | mouse_scroll=3 | mouse_click=2 | browser_click=2 | keystroke=2 | clipboard_change=1 | shortcut=1,5,1,0,2,step3a1_pi_segment_evidence.csv | step2_layer6_semantic_segment_profiles.csv,0,False
ses_20260701-175258-LAPTOP-76QMG9DE,3,50,screenshot_smart=12 | keystroke=8 | mouse_click=7 | browser_click=7 | mouse_scroll=5 | shortcut=4 | browser_form_input=3 | clipboard_change=3 | app_switch=1,12,3,3,2,step3a1_pi_segment_evidence.csv | step2_layer6_semantic_segment_profiles.csv,0,False
ses_20260701-175258-LAPTOP-76QMG9DE,4,22,screenshot_smart=6 | mouse_click=3 | browser_click=3 | app_switch=3 | mouse_scroll=2 | keystroke=2 | clipboard_change=1 | shortcut=1 | browser_form_input=1,6,1,1,2,step3a1_pi_segment_evidence.csv | step2_layer6_semantic_segment_profiles.csv,0,False
ses_20260701-175258-LAPTOP-76QMG9DE,5,75,screenshot_smart=19 | keystroke=14 | mouse_scroll=9 | mouse_click=8 | browser_click=8 | shortcut=7 | clipboard_change=5 | app_switch=3 | browser_form_input=2,19,5,2,2,step3a1_pi_segment_evidence.csv | step2_layer6_semantic_segment_profiles.csv,0,False
ses_20260701-175258-LAPTOP-76QMG9DE,6,51,keystroke=14 | screenshot_smart=13 | app_switch=6 | shortcut=5 | mouse_click=3 | browser_click=3 | clipboard_change=2 | mouse_scroll=2 | browser_form_input=1 | window_title_change=1 | browser_navigation=1,13,2,1,2,step3a1_pi_segment_evidence.csv | step2_layer6_semantic_segment_profiles.csv,0,False
ses_20260701-175258-LAPTOP-76QMG9DE,7,37,screenshot_smart=9 | mouse_click=6 | browser_click=6 | mouse_scroll=6 | keystroke=4 | browser_form_input=2 | clipboard_change=2 | shortcut=2,9,2,2,2,step3a1_pi_segment_evidence.csv | step2_layer6_semantic_segment_profiles.csv,0,False
ses_20260701-175258-LAPTOP-76QMG9DE,8,29,screenshot_smart=7 | keystroke=6 | mouse_click=3 | browser_click=3 | shortcut=3 | app_switch=2 | clipboard_change=2 | mouse_scroll=2 | browser_form_input=1,7,2,1,2,step3a1_pi_segment_evidence.csv | step2_layer6_semantic_segment_profiles.csv,0,False
ses_20260701-175258-LAPTOP-76QMG9DE,9,38,screenshot_smart=10 | mouse_click=6 | browser_click=6 | mouse_scroll=5 | keystroke=4 | clipboard_change=2 | shortcut=2 | browser_form_input=2 | app_switch=1,10,2,2,2,step3a1_pi_segment_evidence.csv | step2_layer6_semantic_segment_profiles.csv,12,True
ses_20260701-175258-LAPTOP-76QMG9DE,10,37,screenshot_smart=9 | mouse_scroll=6 | mouse_click=6 | browser_click=6 | keystroke=4 | clipboard_change=2 | shortcut=2 | browser_form_input=2,9,2,2,2,step3a1_pi_segment_evidence.csv | step2_layer6_semantic_segment_profiles.csv,0,False
ses_20260701-175258-LAPTOP-76QMG9DE,11,72,screenshot_smart=17 | keystroke=16 | app_switch=11 | mouse_click=6 | browser_click=6 | shortcut=6 | clipboard_change=3 | browser_form_input=2 | window_title_change=2 | mouse_scroll=2 | browser_navigation=1,17,3,2,2,step3a1_pi_segment_evidence.csv | step2_layer6_semantic_segment_profiles.csv,19,True
ses_20260701-175258-LAPTOP-76QMG9DE,12,188,keystroke=90 | screenshot_smart=38 | shortcut=12 | mouse_click=10 | browser_click=10 | app_switch=8 | mouse_scroll=7 | text_input_complete=6 | browser_form_input=4 | clipboard_change=3,38,3,4,2,step3a1_pi_segment_evidence.csv | step2_layer6_semantic_segment_profiles.csv,0,False
ses_20260701-175258-LAPTOP-76QMG9DE,13,20,screenshot_smart=6 | mouse_click=3 | browser_click=3 | app_switch=2 | keystroke=2 | mouse_scroll=1 | clipboard_change=1 | shortcut=1 | browser_form_input=1,6,1,1,2,step3a1_pi_segment_evidence.csv | step2_layer6_semantic_segment_profiles.csv,0,False
ses_20260701-175258-LAPTOP-76QMG9DE,14,69,keystroke=30 | screenshot_smart=13 | mouse_click=6 | browser_click=6 | shortcut=5 | app_switch=3 | browser_form_input=2 | text_input_complete=2 | mouse_scroll=1 | clipboard_change=1,13,1,2,2,step3a1_pi_segment_evidence.csv | step2_layer6_semantic_segment_profiles.csv,0,False
ses_20260701-175258-LAPTOP-76QMG9DE,15,11,screenshot_smart=3 | mouse_click=2 | browser_click=2 | keystroke=2 | browser_navigation=1 | shortcut=1,3,0,0,2,step3a1_pi_segment_evidence.csv | step2_layer6_semantic_segment_profiles.csv,0,False
ses_20260701-175258-LAPTOP-76QMG9DE,16,40,mouse_click=9 | browser_click=9 | screenshot_smart=9 | keystroke=6 | browser_form_input=3 | shortcut=3 | mouse_scroll=1,9,0,3,2,step3a1_pi_segment_evidence.csv | step2_layer6_semantic_segment_profiles.csv,0,False
ses_20260701-175258-LAPTOP-76QMG9DE,17,41,screenshot_smart=8 | clipboard_change=7 | mouse_click=6 | browser_click=6 | keystroke=4 | app_switch=4 | browser_form_input=2 | shortcut=2 | mouse_scroll=2,8,7,2,2,step3a1_pi_segment_evidence.csv | step2_layer6_semantic_segment_profiles.csv,0,False
ses_20260701-175258-LAPTOP-76QMG9DE,18,57,screenshot_smart=16 | mouse_click=9 | browser_click=7 | mouse_scroll=4 | keystroke=4 | browser_form_input=3 | browser_navigation=3 | app_switch=3 | extension_disconnected=3 | clipboard_change=2 | shortcut=2 | session_end=1,16,2,3,2,step3a1_pi_segment_evidence.csv | step2_layer6_semantic_segment_profiles.csv,0,False
ses_20260701-175747-SIDDHIGUPTAB00B,1,41,screenshot_smart=11 | browser_navigation=6 | mouse_click=5 | browser_click=5 | keystroke=4 | extension_connected=3 | mouse_scroll=3 | shortcut=2 | app_switch=1 | clipboard_change=1,11,1,0,2,step3a1_pi_segment_evidence.csv | step2_layer6_semantic_segment_profiles.csv,0,False
ses_20260701-175747-SIDDHIGUPTAB00B,2,27,screenshot_smart=6 | keystroke=6 | mouse_click=3 | browser_click=3 | shortcut=3 | clipboard_change=2 | mouse_scroll=2 | browser_form_input=1 | app_switch=1,6,2,1,2,step3a1_pi_segment_evidence.csv | step2_layer6_semantic_segment_profiles.csv,0,False
ses_20260701-175747-SIDDHIGUPTAB00B,3,19,screenshot_smart=5 | mouse_click=3 | browser_click=3 | mouse_scroll=3 | keystroke=2 | browser_form_input=1 | clipboard_change=1 | shortcut=1,5,1,1,2,step3a1_pi_segment_evidence.csv | step2_layer6_semantic_segment_profiles.csv,0,False
ses_20260701-175747-SIDDHIGUPTAB00B,4,4,browser_form_input=1 | mouse_click=1 | browser_click=1 | screenshot_smart=1,1,0,1,2,step3a1_pi_segment_evidence.csv | step2_layer6_semantic_segment_profiles.csv,0,False
ses_20260701-175747-SIDDHIGUPTAB00B,5,40,screenshot_smart=11 | mouse_click=6 | browser_click=6 | app_switch=4 | keystroke=4 | clipboard_change=2 | shortcut=2 | browser_form_input=2 | mouse_scroll=2 | browser_navigation=1,11,2,2,2,step3a1_pi_segment_evidence.csv | step2_layer6_semantic_segment_profiles.csv,0,False
ses_20260701-175747-SIDDHIGUPTAB00B,6,35,screenshot_smart=10 | mouse_click=5 | browser_click=5 | mouse_scroll=4 | keystroke=4 | app_switch=2 | clipboard_change=2 | shortcut=2 | browser_form_input=1,10,2,1,2,step3a1_pi_segment_evidence.csv | step2_layer6_semantic_segment_profiles.csv,2,True
ses_20260701-175747-SIDDHIGUPTAB00B,7,15,keystroke=4 | screenshot_smart=3 | shortcut=2 | browser_form_input=1 | mouse_click=1 | browser_click=1 | app_switch=1 | clipboard_change=1 | window_title_change=1,3,1,1,2,step3a1_pi_segment_evidence.csv | step2_layer6_semantic_segment_profiles.csv,1,True
ses_20260701-175747-SIDDHIGUPTAB00B,8,15,screenshot_smart=4 | mouse_click=2 | browser_click=2 | mouse_scroll=2 | keystroke=2 | app_switch=1 | clipboard_change=1 | shortcut=1,4,1,0,2,step3a1_pi_segment_evidence.csv | step2_layer6_semantic_segment_profiles.csv,0,False
ses_20260701-175747-SIDDHIGUPTAB00B,9,27,screenshot_smart=6 | keystroke=6 | mouse_click=3 | browser_click=3 | shortcut=3 | clipboard_change=2 | mouse_scroll=2 | browser_form_input=1 | app_switch=1,6,2,1,2,step3a1_pi_segment_evidence.csv | step2_layer6_semantic_segment_profiles.csv,0,False
ses_20260701-175747-SIDDHIGUPTAB00B,10,31,screenshot_smart=7 | keystroke=6 | mouse_click=3 | browser_click=3 | shortcut=3 | browser_form_input=2 | app_switch=2 | clipboard_change=2 | mouse_scroll=2 | window_title_change=1,7,2,2,2,step3a1_pi_segment_evidence.csv | step2_layer6_semantic_segment_profiles.csv,0,False
ses_20260701-175747-SIDDHIGUPTAB00B,11,26,screenshot_smart=6 | keystroke=6 | mouse_click=3 | browser_click=3 | shortcut=3 | clipboard_change=2 | mouse_scroll=2 | app_switch=1,6,2,0,2,step3a1_pi_segment_evidence.csv | step2_layer6_semantic_segment_profiles.csv,0,False
ses_20260701-175747-SIDDHIGUPTAB00B,12,141,keystroke=62 | screenshot_smart=26 | app_switch=13 | shortcut=10 | mouse_click=7 | browser_click=7 | text_input_complete=4 | browser_form_input=3 | clipboard_change=3 | window_title_change=3 | mouse_scroll=2 | browser_navigation=1,26,3,3,2,step3a1_pi_segment_evidence.csv | step2_layer6_semantic_segment_profiles.csv,0,False
ses_20260701-175747-SIDDHIGUPTAB00B,13,21,screenshot_smart=7 | mouse_click=3 | browser_click=3 | app_switch=2 | keystroke=2 | mouse_scroll=1 | clipboard_change=1 | shortcut=1 | browser_form_input=1,7,1,1,2,step3a1_pi_segment_evidence.csv | step2_layer6_semantic_segment_profiles.csv,0,False
ses_20260701-175747-SIDDHIGUPTAB00B,14,22,screenshot_smart=6 | mouse_click=3 | browser_click=3 | app_switch=3 | mouse_scroll=2 | keystroke=2 | clipboard_change=1 | shortcut=1 | browser_form_input=1,6,1,1,2,step3a1_pi_segment_evidence.csv | step2_layer6_semantic_segment_profiles.csv,0,False
ses_20260701-175747-SIDDHIGUPTAB00B,15,26,screenshot_smart=7 | mouse_click=4 | browser_click=4 | mouse_scroll=4 | browser_form_input=2 | keystroke=2 | browser_navigation=1 | clipboard_change=1 | shortcut=1,7,1,2,2,step3a1_pi_segment_evidence.csv | step2_layer6_semantic_segment_profiles.csv,1,True
ses_20260701-175747-SIDDHIGUPTAB00B,16,19,screenshot_smart=5 | mouse_scroll=3 | mouse_click=3 | browser_click=3 | keystroke=2 | clipboard_change=1 | shortcut=1 | browser_form_input=1,5,1,1,2,step3a1_pi_segment_evidence.csv | step2_layer6_semantic_segment_profiles.csv,1,True
ses_20260701-175747-SIDDHIGUPTAB00B,17,49,screenshot_smart=13 | keystroke=8 | mouse_scroll=6 | mouse_click=6 | browser_click=6 | shortcut=4 | clipboard_change=3 | browser_form_input=2 | app_switch=1,13,3,2,2,step3a1_pi_segment_evidence.csv | step2_layer6_semantic_segment_profiles.csv,1,True
ses_20260701-175747-SIDDHIGUPTAB00B,18,34,screenshot_smart=9 | mouse_click=5 | browser_click=5 | mouse_scroll=4 | keystroke=4 | clipboard_change=2 | shortcut=2 | browser_navigation=1 | app_switch=1 | browser_form_input=1,9,2,1,2,step3a1_pi_segment_evidence.csv | step2_layer6_semantic_segment_profiles.csv,2,True
ses_20260701-175747-SIDDHIGUPTAB00B,19,4,browser_form_input=1 | mouse_click=1 | browser_click=1 | screenshot_smart=1,1,0,1,2,step3a1_pi_segment_evidence.csv | step2_layer6_semantic_segment_profiles.csv,0,False
ses_20260701-175747-SIDDHIGUPTAB00B,20,13,screenshot_smart=3 | mouse_click=2 | browser_click=2 | mouse_scroll=2 | keystroke=2 | clipboard_change=1 | shortcut=1,3,1,0,2,step3a1_pi_segment_evidence.csv | step2_layer6_semantic_segment_profiles.csv,2,True
ses_20260701-175747-SIDDHIGUPTAB00B,21,33,screenshot_smart=9 | keystroke=6 | mouse_click=3 | browser_click=3 | shortcut=3 | mouse_scroll=3 | app_switch=2 | clipboard_change=2 | browser_form_input=1 | window_title_change=1,9,2,1,2,step3a1_pi_segment_evidence.csv | step2_layer6_semantic_segment_profiles.csv,0,False
ses_20260701-175747-SIDDHIGUPTAB00B,22,26,keystroke=6 | screenshot_smart=5 | mouse_click=3 | browser_click=3 | shortcut=3 | clipboard_change=2 | mouse_scroll=2 | browser_form_input=1 | app_switch=1,5,2,1,2,step3a1_pi_segment_evidence.csv | step2_layer6_semantic_segment_profiles.csv,0,False
ses_20260701-175747-SIDDHIGUPTAB00B,23,4,browser_form_input=1 | mouse_click=1 | browser_click=1 | screenshot_smart=1,1,0,1,2,step3a1_pi_segment_evidence.csv | step2_layer6_semantic_segment_profiles.csv,0,False
ses_20260701-175747-SIDDHIGUPTAB00B,24,21,screenshot_smart=5 | mouse_click=3 | browser_click=3 | app_switch=3 | mouse_scroll=2 | keystroke=2 | clipboard_change=1 | shortcut=1 | browser_form_input=1,5,1,1,2,step3a1_pi_segment_evidence.csv | step2_layer6_semantic_segment_profiles.csv,0,False
ses_20260701-175747-SIDDHIGUPTAB00B,25,17,screenshot_smart=5 | mouse_scroll=4 | mouse_click=2 | browser_click=2 | keystroke=2 | clipboard_change=1 | shortcut=1,5,1,0,2,step3a1_pi_segment_evidence.csv | step2_layer6_semantic_segment_profiles.csv,0,False
ses_20260701-175747-SIDDHIGUPTAB00B,26,32,screenshot_smart=7 | keystroke=6 | mouse_click=4 | browser_click=4 | shortcut=3 | mouse_scroll=3 | browser_form_input=2 | clipboard_change=2 | app_switch=1,7,2,2,2,step3a1_pi_segment_evidence.csv | step2_layer6_semantic_segment_profiles.csv,0,False
ses_20260701-180923-NEELA9BAF,1,81,screenshot_smart=20 | keystroke=18 | mouse_click=8 | browser_click=8 | app_switch=8 | shortcut=7 | mouse_scroll=4 | clipboard_change=4 | browser_form_input=2 | window_title_change=1 | browser_navigation=1,20,4,2,2,step3a1_pi_segment_evidence.csv | step2_layer6_semantic_segment_profiles.csv,0,False
ses_20260701-180923-NEELA9BAF,2,4,browser_form_input=1 | mouse_click=1 | browser_click=1 | screenshot_smart=1,1,0,1,2,step3a1_pi_segment_evidence.csv | step2_layer6_semantic_segment_profiles.csv,0,False
ses_20260701-180923-NEELA9BAF,3,36,screenshot_smart=9 | mouse_click=6 | browser_click=6 | keystroke=4 | mouse_scroll=3 | app_switch=2 | clipboard_change=2 | shortcut=2 | window_state_change=1 | browser_form_input=1,9,2,1,2,step3a1_pi_segment_evidence.csv | step2_layer6_semantic_segment_profiles.csv,0,False
ses_20260701-180923-NEELA9BAF,4,19,screenshot_smart=5 | mouse_click=3 | browser_click=3 | mouse_scroll=3 | keystroke=2 | browser_form_input=1 | clipboard_change=1 | shortcut=1,5,1,1,2,step3a1_pi_segment_evidence.csv | step2_layer6_semantic_segment_profiles.csv,0,False
ses_20260701-180923-NEELA9BAF,5,28,screenshot_smart=6 | keystroke=6 | mouse_click=3 | browser_click=3 | shortcut=3 | mouse_scroll=3 | clipboard_change=2 | browser_form_input=1 | app_switch=1,6,2,1,2,step3a1_pi_segment_evidence.csv | step2_layer6_semantic_segment_profiles.csv,0,False
ses_20260701-180923-NEELA9BAF,6,20,screenshot_smart=5 | keystroke=4 | mouse_click=2 | app_switch=2 | shortcut=2 | browser_form_input=1 | browser_click=1 | clipboard_change=1 | window_title_change=1 | mouse_scroll=1,5,1,1,2,step3a1_pi_segment_evidence.csv | step2_layer6_semantic_segment_profiles.csv,0,False
ses_20260701-180923-NEELA9BAF,7,20,screenshot_smart=5 | mouse_scroll=3 | mouse_click=3 | browser_click=3 | keystroke=2 | browser_navigation=1 | clipboard_change=1 | shortcut=1 | browser_form_input=1,5,1,1,2,step3a1_pi_segment_evidence.csv | step2_layer6_semantic_segment_profiles.csv,0,False
ses_20260701-180923-NEELA9BAF,8,14,mouse_scroll=3 | screenshot_smart=3 | mouse_click=2 | browser_click=2 | keystroke=2 | clipboard_change=1 | shortcut=1,3,1,0,2,step3a1_pi_segment_evidence.csv | step2_layer6_semantic_segment_profiles.csv,0,False
ses_20260701-180923-NEELA9BAF,9,4,browser_form_input=1 | mouse_click=1 | browser_click=1 | screenshot_smart=1,1,0,1,2,step3a1_pi_segment_evidence.csv | step2_layer6_semantic_segment_profiles.csv,0,False
ses_20260701-180923-NEELA9BAF,10,16,screenshot_smart=4 | mouse_scroll=2 | mouse_click=2 | browser_click=2 | app_switch=2 | keystroke=2 | clipboard_change=1 | shortcut=1,4,1,0,2,step3a1_pi_segment_evidence.csv | step2_layer6_semantic_segment_profiles.csv,0,False
ses_20260701-180923-NEELA9BAF,11,4,browser_form_input=1 | mouse_click=1 | browser_click=1 | screenshot_smart=1,1,0,1,2,step3a1_pi_segment_evidence.csv | step2_layer6_semantic_segment_profiles.csv,0,False
ses_20260701-180923-NEELA9BAF,12,14,mouse_scroll=3 | screenshot_smart=3 | mouse_click=2 | browser_click=2 | keystroke=2 | clipboard_change=1 | shortcut=1,3,1,0,2,step3a1_pi_segment_evidence.csv | step2_layer6_semantic_segment_profiles.csv,0,False
ses_20260701-180923-NEELA9BAF,13,25,screenshot_smart=9 | browser_navigation=3 | app_switch=3 | extension_disconnected=3 | keystroke=2 | browser_form_input=1 | mouse_click=1 | browser_click=1 | mouse_scroll=1 | session_end=1,9,0,1,2,step3a1_pi_segment_evidence.csv | step2_layer6_semantic_segment_profiles.csv,0,False
ses_20260701-181413-LAPTOP-76QMG9DE,1,76,keystroke=30 | screenshot_smart=16 | app_switch=9 | mouse_click=5 | browser_click=4 | shortcut=4 | browser_form_input=2 | text_input_complete=2 | browser_navigation=1 | mouse_scroll=1 | window_title_change=1 | clipboard_change=1,16,1,2,2,step3a1_pi_segment_evidence.csv | step2_layer6_semantic_segment_profiles.csv,0,False
ses_20260701-181413-LAPTOP-76QMG9DE,2,92,keystroke=34 | screenshot_smart=19 | mouse_click=8 | browser_click=8 | mouse_scroll=6 | shortcut=6 | app_switch=4 | clipboard_change=3 | browser_form_input=2 | text_input_complete=2,19,3,2,2,step3a1_pi_segment_evidence.csv | step2_layer6_semantic_segment_profiles.csv,0,False
ses_20260701-181413-LAPTOP-76QMG9DE,3,4,browser_form_input=1 | mouse_click=1 | browser_click=1 | screenshot_smart=1,1,0,1,2,step3a1_pi_segment_evidence.csv | step2_layer6_semantic_segment_profiles.csv,0,False
ses_20260701-181413-LAPTOP-76QMG9DE,4,125,keystroke=56 | screenshot_smart=26 | app_switch=10 | shortcut=8 | mouse_click=7 | browser_click=7 | text_input_complete=4 | browser_form_input=3 | mouse_scroll=2 | clipboard_change=2,26,2,3,2,step3a1_pi_segment_evidence.csv | step2_layer6_semantic_segment_profiles.csv,0,False
ses_20260701-181413-LAPTOP-76QMG9DE,5,19,screenshot_smart=5 | mouse_click=3 | browser_click=3 | app_switch=2 | keystroke=2 | mouse_scroll=1 | clipboard_change=1 | shortcut=1 | browser_form_input=1,5,1,1,2,step3a1_pi_segment_evidence.csv | step2_layer6_semantic_segment_profiles.csv,0,False
ses_20260701-181413-LAPTOP-76QMG9DE,6,13,screenshot_smart=3 | mouse_click=2 | browser_click=2 | mouse_scroll=2 | keystroke=2 | clipboard_change=1 | shortcut=1,3,1,0,2,step3a1_pi_segment_evidence.csv | step2_layer6_semantic_segment_profiles.csv,0,False
ses_20260701-181413-LAPTOP-76QMG9DE,7,95,keystroke=36 | screenshot_smart=20 | mouse_click=7 | browser_click=7 | app_switch=7 | shortcut=7 | browser_form_input=3 | clipboard_change=3 | mouse_scroll=3 | text_input_complete=2,20,3,3,2,step3a1_pi_segment_evidence.csv | step2_layer6_semantic_segment_profiles.csv,0,False
ses_20260701-181413-LAPTOP-76QMG9DE,8,74,keystroke=30 | screenshot_smart=17 | mouse_click=5 | browser_click=5 | shortcut=5 | app_switch=4 | mouse_scroll=3 | clipboard_change=2 | text_input_complete=2 | browser_form_input=1,17,2,1,2,step3a1_pi_segment_evidence.csv | step2_layer6_semantic_segment_profiles.csv,0,False
ses_20260701-181413-LAPTOP-76QMG9DE,9,22,screenshot_smart=6 | app_switch=4 | mouse_click=3 | browser_navigation=3 | extension_disconnected=3 | browser_form_input=1 | browser_click=1 | session_end=1,6,0,1,2,step3a1_pi_segment_evidence.csv | step2_layer6_semantic_segment_profiles.csv,0,False
ses_20260701-181913-SIDDHIGUPTAB00B,1,21,screenshot_smart=6 | mouse_click=3 | browser_click=3 | mouse_scroll=2 | app_switch=2 | keystroke=2 | clipboard_change=1 | shortcut=1 | browser_form_input=1,6,1,1,2,step3a1_pi_segment_evidence.csv | step2_layer6_semantic_segment_profiles.csv,0,False
ses_20260701-181913-SIDDHIGUPTAB00B,2,38,screenshot_smart=10 | mouse_click=6 | browser_click=6 | mouse_scroll=4 | keystroke=4 | app_switch=2 | clipboard_change=2 | shortcut=2 | browser_form_input=2,10,2,2,2,step3a1_pi_segment_evidence.csv | step2_layer6_semantic_segment_profiles.csv,0,False
ses_20260701-181913-SIDDHIGUPTAB00B,3,51,screenshot_smart=14 | mouse_click=8 | browser_click=8 | keystroke=6 | mouse_scroll=5 | clipboard_change=3 | shortcut=3 | app_switch=2 | browser_form_input=2,14,3,2,2,step3a1_pi_segment_evidence.csv | step2_layer6_semantic_segment_profiles.csv,0,False
ses_20260701-181913-SIDDHIGUPTAB00B,4,7,screenshot_smart=2 | browser_form_input=1 | mouse_click=1 | browser_click=1 | app_switch=1 | window_title_change=1,2,0,1,2,step3a1_pi_segment_evidence.csv | step2_layer6_semantic_segment_profiles.csv,1,True
ses_20260701-181913-SIDDHIGUPTAB00B,5,69,screenshot_smart=17 | keystroke=14 | browser_click=10 | mouse_click=8 | shortcut=7 | clipboard_change=5 | mouse_scroll=4 | app_switch=3 | browser_navigation=1,17,5,0,2,step3a1_pi_segment_evidence.csv | step2_layer6_semantic_segment_profiles.csv,3,True
ses_20260701-182634-NEELA9BAF,1,27,browser_click=10 | screenshot_smart=4 | mouse_click=3 | browser_form_input=3 | keystroke=2 | app_switch=1 | mouse_scroll=1 | clipboard_change=1 | shortcut=1 | upload_started=1,4,1,3,2,step3a1_pi_segment_evidence.csv | step2_layer6_semantic_segment_profiles.csv,0,False
ses_20260701-182634-NEELA9BAF,2,65,keystroke=28 | screenshot_smart=15 | app_switch=6 | mouse_click=4 | shortcut=4 | mouse_scroll=3 | text_input_complete=2 | clipboard_change=1 | window_title_change=1 | window_state_change=1,15,1,0,2,step3a1_pi_segment_evidence.csv | step2_layer6_semantic_segment_profiles.csv,0,False
ses_20260701-182634-NEELA9BAF,3,10,screenshot_smart=3 | mouse_click=2 | keystroke=2 | app_switch=1 | clipboard_change=1 | shortcut=1,3,1,0,2,step3a1_pi_segment_evidence.csv | step2_layer6_semantic_segment_profiles.csv,0,False
ses_20260701-183232-LAPTOP-76QMG9DE,1,52,app_switch=17 | screenshot_smart=10 | browser_navigation=4 | mouse_click=4 | extension_connected=3 | browser_error=3 | window_state_change=3 | browser_click=2 | keystroke=2 | session_start=1 | window_title_change=1 | mouse_scroll=1 | shortcut=1,10,0,0,2,step3a1_pi_segment_evidence.csv | step2_layer6_semantic_segment_profiles.csv,2,True
ses_20260701-183232-LAPTOP-76QMG9DE,2,27,screenshot_smart=6 | keystroke=6 | mouse_click=3 | browser_click=3 | shortcut=3 | app_switch=2 | clipboard_change=2 | mouse_scroll=2,6,2,0,2,step3a1_pi_segment_evidence.csv | step2_layer6_semantic_segment_profiles.csv,0,False
ses_20260701-183232-LAPTOP-76QMG9DE,3,15,keystroke=4 | screenshot_smart=3 | shortcut=2 | browser_form_input=1 | mouse_click=1 | browser_click=1 | app_switch=1 | clipboard_change=1 | window_title_change=1,3,1,1,2,step3a1_pi_segment_evidence.csv | step2_layer6_semantic_segment_profiles.csv,0,False
ses_20260701-183232-LAPTOP-76QMG9DE,4,38,screenshot_smart=11 | mouse_click=6 | browser_click=6 | keystroke=4 | mouse_scroll=3 | clipboard_change=2 | shortcut=2 | browser_form_input=2 | browser_navigation=1 | app_switch=1,11,2,2,2,step3a1_pi_segment_evidence.csv | step2_layer6_semantic_segment_profiles.csv,1,True
ses_20260701-183232-LAPTOP-76QMG9DE,5,41,screenshot_smart=9 | keystroke=8 | mouse_scroll=5 | mouse_click=5 | browser_click=5 | shortcut=4 | clipboard_change=3 | app_switch=1 | browser_form_input=1,9,3,1,2,step3a1_pi_segment_evidence.csv | step2_layer6_semantic_segment_profiles.csv,0,False
ses_20260701-183232-LAPTOP-76QMG9DE,6,78,screenshot_smart=20 | mouse_click=12 | keystroke=10 | browser_click=9 | mouse_scroll=8 | app_switch=6 | shortcut=5 | clipboard_change=4 | browser_form_input=3 | window_title_change=1,20,4,3,2,step3a1_pi_segment_evidence.csv | step2_layer6_semantic_segment_profiles.csv,1,True
ses_20260701-183232-LAPTOP-76QMG9DE,7,69,screenshot_smart=18 | keystroke=10 | mouse_scroll=10 | mouse_click=9 | browser_click=9 | shortcut=5 | clipboard_change=4 | browser_form_input=3 | app_switch=1,18,4,3,2,step3a1_pi_segment_evidence.csv | step2_layer6_semantic_segment_profiles.csv,3,True
ses_20260701-183232-LAPTOP-76QMG9DE,8,44,screenshot_smart=12 | mouse_click=7 | browser_click=7 | mouse_scroll=7 | keystroke=4 | browser_form_input=3 | clipboard_change=2 | shortcut=2,12,2,3,2,step3a1_pi_segment_evidence.csv | step2_layer6_semantic_segment_profiles.csv,2,True
ses_20260701-183232-LAPTOP-76QMG9DE,9,38,screenshot_smart=10 | mouse_scroll=6 | mouse_click=6 | browser_click=6 | keystroke=4 | clipboard_change=2 | shortcut=2 | browser_form_input=2,10,2,2,2,step3a1_pi_segment_evidence.csv | step2_layer6_semantic_segment_profiles.csv,3,True
ses_20260701-183232-LAPTOP-76QMG9DE,10,33,screenshot_smart=8 | mouse_click=5 | browser_click=5 | mouse_scroll=4 | keystroke=4 | clipboard_change=2 | shortcut=2 | browser_navigation=1 | app_switch=1 | browser_form_input=1,8,2,1,2,step3a1_pi_segment_evidence.csv | step2_layer6_semantic_segment_profiles.csv,0,False
ses_20260701-183232-LAPTOP-76QMG9DE,11,45,screenshot_smart=10 | keystroke=8 | mouse_click=6 | browser_click=6 | shortcut=4 | mouse_scroll=4 | clipboard_change=3 | browser_form_input=2 | app_switch=2,10,3,2,2,step3a1_pi_segment_evidence.csv | step2_layer6_semantic_segment_profiles.csv,0,False
ses_20260701-184201-LAPTOP-76QMG9DE,1,14,screenshot_smart=3 | mouse_click=2 | browser_click=2 | keystroke=2 | browser_navigation=1 | app_switch=1 | mouse_scroll=1 | clipboard_change=1 | shortcut=1,3,1,0,2,step3a1_pi_segment_evidence.csv | step2_layer6_semantic_segment_profiles.csv,0,False
ses_20260701-184201-LAPTOP-76QMG9DE,2,28,screenshot_smart=7 | keystroke=6 | mouse_click=3 | browser_click=3 | shortcut=3 | clipboard_change=2 | mouse_scroll=2 | browser_form_input=1 | app_switch=1,7,2,1,2,step3a1_pi_segment_evidence.csv | step2_layer6_semantic_segment_profiles.csv,0,False
ses_20260701-184201-LAPTOP-76QMG9DE,3,26,keystroke=6 | screenshot_smart=5 | mouse_click=3 | browser_click=3 | shortcut=3 | app_switch=2 | clipboard_change=2 | browser_form_input=1 | mouse_scroll=1,5,2,1,2,step3a1_pi_segment_evidence.csv | step2_layer6_semantic_segment_profiles.csv,0,False
ses_20260701-184201-LAPTOP-76QMG9DE,4,32,screenshot_smart=8 | keystroke=6 | mouse_click=4 | browser_click=4 | shortcut=3 | browser_form_input=2 | clipboard_change=2 | mouse_scroll=2 | app_switch=1,8,2,2,2,step3a1_pi_segment_evidence.csv | step2_layer6_semantic_segment_profiles.csv,0,False
ses_20260701-190250-NEELA9BAF,1,87,keystroke=32 | screenshot_smart=20 | app_switch=9 | mouse_click=6 | browser_click=6 | shortcut=5 | window_state_change=2 | text_input_complete=2 | browser_navigation=1 | window_title_change=1 | mouse_scroll=1 | clipboard_change=1 | browser_form_input=1,20,1,1,2,step3a1_pi_segment_evidence.csv | step2_layer6_semantic_segment_profiles.csv,0,False
ses_20260701-190250-NEELA9BAF,2,18,screenshot_smart=5 | mouse_click=3 | browser_click=3 | mouse_scroll=2 | keystroke=2 | clipboard_change=1 | shortcut=1 | browser_form_input=1,5,1,1,2,step3a1_pi_segment_evidence.csv | step2_layer6_semantic_segment_profiles.csv,1,True
ses_20260701-190250-NEELA9BAF,3,19,screenshot_smart=5 | mouse_click=3 | browser_click=3 | app_switch=2 | keystroke=2 | mouse_scroll=1 | clipboard_change=1 | shortcut=1 | browser_form_input=1,5,1,1,2,step3a1_pi_segment_evidence.csv | step2_layer6_semantic_segment_profiles.csv,1,True
ses_20260701-190250-NEELA9BAF,4,17,screenshot_smart=4 | mouse_click=3 | browser_click=3 | mouse_scroll=2 | keystroke=2 | clipboard_change=1 | shortcut=1 | browser_form_input=1,4,1,1,2,step3a1_pi_segment_evidence.csv | step2_layer6_semantic_segment_profiles.csv,1,True
ses_20260701-190250-NEELA9BAF,5,20,screenshot_smart=6 | mouse_click=3 | browser_click=3 | app_switch=2 | keystroke=2 | mouse_scroll=1 | clipboard_change=1 | shortcut=1 | browser_form_input=1,6,1,1,2,step3a1_pi_segment_evidence.csv | step2_layer6_semantic_segment_profiles.csv,1,True
ses_20260701-190250-NEELA9BAF,6,19,screenshot_smart=5 | mouse_click=3 | browser_click=3 | app_switch=2 | keystroke=2 | mouse_scroll=1 | clipboard_change=1 | shortcut=1 | browser_form_input=1,5,1,1,2,step3a1_pi_segment_evidence.csv | step2_layer6_semantic_segment_profiles.csv,1,True
ses_20260701-190250-NEELA9BAF,7,20,screenshot_smart=6 | mouse_click=3 | browser_click=3 | app_switch=2 | keystroke=2 | mouse_scroll=1 | clipboard_change=1 | shortcut=1 | browser_form_input=1,6,1,1,2,step3a1_pi_segment_evidence.csv | step2_layer6_semantic_segment_profiles.csv,1,True
ses_20260701-190250-NEELA9BAF,8,21,screenshot_smart=7 | mouse_click=3 | browser_click=3 | keystroke=2 | browser_navigation=1 | app_switch=1 | mouse_scroll=1 | clipboard_change=1 | shortcut=1 | browser_form_input=1,7,1,1,2,step3a1_pi_segment_evidence.csv | step2_layer6_semantic_segment_profiles.csv,1,True
ses_20260701-190250-NEELA9BAF,9,23,keystroke=6 | screenshot_smart=5 | shortcut=3 | clipboard_change=2 | mouse_scroll=2 | mouse_click=2 | browser_click=2 | app_switch=1,5,2,0,2,step3a1_pi_segment_evidence.csv | step2_layer6_semantic_segment_profiles.csv,2,True
ses_20260701-190250-NEELA9BAF,10,51,screenshot_smart=12 | keystroke=8 | mouse_click=7 | browser_click=7 | shortcut=4 | browser_form_input=3 | clipboard_change=3 | mouse_scroll=3 | app_switch=2 | window_state_change=1 | window_title_change=1,12,3,3,2,step3a1_pi_segment_evidence.csv | step2_layer6_semantic_segment_profiles.csv,1,True
ses_20260701-190250-NEELA9BAF,11,81,keystroke=32 | screenshot_smart=16 | app_switch=8 | mouse_click=6 | browser_click=6 | shortcut=5 | clipboard_change=2 | browser_form_input=2 | window_title_change=1 | window_state_change=1 | text_input_complete=1 | mouse_scroll=1,16,2,2,2,step3a1_pi_segment_evidence.csv | step2_layer6_semantic_segment_profiles.csv,2,True
ses_20260701-190250-NEELA9BAF,12,80,keystroke=32 | screenshot_smart=17 | app_switch=7 | mouse_click=5 | browser_click=5 | shortcut=5 | clipboard_change=2 | browser_form_input=2 | text_input_complete=2 | window_title_change=1 | window_state_change=1 | mouse_scroll=1,17,2,2,2,step3a1_pi_segment_evidence.csv | step2_layer6_semantic_segment_profiles.csv,2,True
ses_20260701-190250-NEELA9BAF,13,40,screenshot_smart=10 | app_switch=9 | mouse_click=4 | browser_click=4 | keystroke=4 | mouse_scroll=3 | window_title_change=2 | shortcut=2 | clipboard_change=1 | browser_form_input=1,10,1,1,2,step3a1_pi_segment_evidence.csv | step2_layer6_semantic_segment_profiles.csv,0,False
ses_20260701-190250-NEELA9BAF,14,19,screenshot_smart=5 | mouse_scroll=3 | mouse_click=3 | browser_click=3 | keystroke=2 | clipboard_change=1 | shortcut=1 | browser_form_input=1,5,1,1,2,step3a1_pi_segment_evidence.csv | step2_layer6_semantic_segment_profiles.csv,3,True
ses_20260701-190250-NEELA9BAF,15,25,screenshot_smart=6 | keystroke=6 | shortcut=3 | mouse_scroll=3 | clipboard_change=2 | mouse_click=2 | browser_click=2 | app_switch=1,6,2,0,2,step3a1_pi_segment_evidence.csv | step2_layer6_semantic_segment_profiles.csv,0,False
ses_20260701-190250-NEELA9BAF,16,28,screenshot_smart=6 | keystroke=6 | mouse_click=3 | browser_click=3 | shortcut=3 | app_switch=2 | clipboard_change=2 | mouse_scroll=2 | browser_form_input=1,6,2,1,2,step3a1_pi_segment_evidence.csv | step2_layer6_semantic_segment_profiles.csv,1,True
ses_20260701-190250-NEELA9BAF,17,26,screenshot_smart=7 | mouse_click=4 | browser_click=4 | mouse_scroll=4 | keystroke=2 | browser_navigation=1 | app_switch=1 | clipboard_change=1 | shortcut=1 | browser_form_input=1,7,1,1,2,step3a1_pi_segment_evidence.csv | step2_layer6_semantic_segment_profiles.csv,1,True
ses_20260701-190250-NEELA9BAF,18,28,screenshot_smart=6 | mouse_click=4 | browser_click=4 | keystroke=4 | mouse_scroll=3 | clipboard_change=2 | shortcut=2 | browser_form_input=2 | app_switch=1,6,2,2,2,step3a1_pi_segment_evidence.csv | step2_layer6_semantic_segment_profiles.csv,0,False
ses_20260701-190250-NEELA9BAF,19,27,screenshot_smart=6 | keystroke=6 | mouse_click=3 | browser_click=3 | shortcut=3 | app_switch=2 | clipboard_change=2 | mouse_scroll=2,6,2,0,2,step3a1_pi_segment_evidence.csv | step2_layer6_semantic_segment_profiles.csv,0,False
ses_20260701-190250-NEELA9BAF,20,33,screenshot_smart=8 | keystroke=6 | mouse_click=4 | browser_click=4 | shortcut=3 | browser_form_input=2 | app_switch=2 | clipboard_change=2 | browser_navigation=1 | mouse_scroll=1,8,2,2,2,step3a1_pi_segment_evidence.csv | step2_layer6_semantic_segment_profiles.csv,0,False
ses_20260701-190250-NEELA9BAF,21,25,screenshot_smart=6 | keystroke=6 | shortcut=3 | app_switch=2 | clipboard_change=2 | mouse_click=2 | browser_click=2 | window_title_change=1 | mouse_scroll=1,6,2,0,2,step3a1_pi_segment_evidence.csv | step2_layer6_semantic_segment_profiles.csv,0,False
ses_20260701-190250-NEELA9BAF,22,26,screenshot_smart=6 | keystroke=6 | mouse_click=3 | browser_click=3 | shortcut=3 | clipboard_change=2 | browser_form_input=1 | app_switch=1 | mouse_scroll=1,6,2,1,2,step3a1_pi_segment_evidence.csv | step2_layer6_semantic_segment_profiles.csv,0,False
ses_20260701-190250-NEELA9BAF,23,31,screenshot_smart=7 | keystroke=6 | mouse_click=4 | browser_click=4 | shortcut=3 | browser_form_input=2 | app_switch=2 | clipboard_change=2 | mouse_scroll=1,7,2,2,2,step3a1_pi_segment_evidence.csv | step2_layer6_semantic_segment_profiles.csv,0,False
ses_20260701-191537-LAPTOP-76QMG9DE,1,68,screenshot_smart=18 | keystroke=10 | mouse_click=8 | browser_click=8 | mouse_scroll=6 | app_switch=6 | shortcut=5 | clipboard_change=4 | browser_form_input=2 | browser_navigation=1,18,4,2,2,step3a1_pi_segment_evidence.csv | step2_layer6_semantic_segment_profiles.csv,0,False
ses_20260701-191537-LAPTOP-76QMG9DE,2,29,screenshot_smart=7 | keystroke=6 | mouse_click=3 | browser_click=3 | shortcut=3 | app_switch=2 | clipboard_change=2 | browser_form_input=1 | window_title_change=1 | mouse_scroll=1,7,2,1,2,step3a1_pi_segment_evidence.csv | step2_layer6_semantic_segment_profiles.csv,0,False
ses_20260701-191537-LAPTOP-76QMG9DE,3,29,screenshot_smart=7 | keystroke=6 | mouse_click=3 | browser_click=3 | shortcut=3 | mouse_scroll=3 | clipboard_change=2 | browser_form_input=1 | app_switch=1,7,2,1,2,step3a1_pi_segment_evidence.csv | step2_layer6_semantic_segment_profiles.csv,1,True
ses_20260701-191537-LAPTOP-76QMG9DE,4,92,screenshot_smart=22 | mouse_click=14 | browser_click=13 | keystroke=12 | mouse_scroll=12 | shortcut=6 | browser_form_input=5 | clipboard_change=5 | app_switch=3,22,5,5,2,step3a1_pi_segment_evidence.csv | step2_layer6_semantic_segment_profiles.csv,1,True
ses_20260701-191537-LAPTOP-76QMG9DE,5,56,screenshot_smart=15 | keystroke=14 | app_switch=6 | shortcut=5 | mouse_click=4 | browser_click=4 | clipboard_change=2 | mouse_scroll=2 | window_title_change=1 | window_state_change=1 | browser_navigation=1 | browser_form_input=1,15,2,1,2,step3a1_pi_segment_evidence.csv | step2_layer6_semantic_segment_profiles.csv,0,False
ses_20260701-191537-LAPTOP-76QMG9DE,6,23,keystroke=6 | screenshot_smart=5 | shortcut=3 | clipboard_change=2 | mouse_scroll=2 | mouse_click=2 | browser_click=2 | app_switch=1,5,2,0,2,step3a1_pi_segment_evidence.csv | step2_layer6_semantic_segment_profiles.csv,2,True
ses_20260701-191537-LAPTOP-76QMG9DE,7,50,screenshot_smart=14 | keystroke=8 | mouse_click=6 | browser_click=6 | shortcut=4 | mouse_scroll=4 | clipboard_change=3 | browser_form_input=2 | app_switch=2 | window_title_change=1,14,3,2,2,step3a1_pi_segment_evidence.csv | step2_layer6_semantic_segment_profiles.csv,0,False
ses_20260701-191537-LAPTOP-76QMG9DE,8,14,keystroke=4 | screenshot_smart=3 | shortcut=2 | browser_form_input=1 | mouse_click=1 | browser_click=1 | app_switch=1 | clipboard_change=1,3,1,1,2,step3a1_pi_segment_evidence.csv | step2_layer6_semantic_segment_profiles.csv,0,False
ses_20260701-191537-LAPTOP-76QMG9DE,9,24,screenshot_smart=7 | app_switch=4 | mouse_click=3 | browser_click=3 | keystroke=2 | browser_navigation=1 | mouse_scroll=1 | clipboard_change=1 | shortcut=1 | browser_form_input=1,7,1,1,2,step3a1_pi_segment_evidence.csv | step2_layer6_semantic_segment_profiles.csv,0,False
ses_20260701-191537-LAPTOP-76QMG9DE,10,12,mouse_click=2 | browser_click=2 | screenshot_smart=2 | mouse_scroll=2 | keystroke=2 | clipboard_change=1 | shortcut=1,2,1,0,2,step3a1_pi_segment_evidence.csv | step2_layer6_semantic_segment_profiles.csv,0,False
ses_20260701-191537-LAPTOP-76QMG9DE,11,5,screenshot_smart=2 | browser_form_input=1 | mouse_click=1 | browser_click=1,2,0,1,2,step3a1_pi_segment_evidence.csv | step2_layer6_semantic_segment_profiles.csv,0,False
ses_20260701-191537-LAPTOP-76QMG9DE,12,27,screenshot_smart=7 | mouse_click=4 | browser_click=4 | keystroke=4 | clipboard_change=2 | shortcut=2 | mouse_scroll=2 | app_switch=1 | browser_form_input=1,7,2,1,2,step3a1_pi_segment_evidence.csv | step2_layer6_semantic_segment_profiles.csv,1,True
ses_20260701-191537-LAPTOP-76QMG9DE,13,18,screenshot_smart=5 | mouse_click=3 | browser_click=3 | mouse_scroll=2 | keystroke=2 | browser_form_input=1 | clipboard_change=1 | shortcut=1,5,1,1,2,step3a1_pi_segment_evidence.csv | step2_layer6_semantic_segment_profiles.csv,2,True
ses_20260701-191537-LAPTOP-76QMG9DE,14,55,screenshot_smart=15 | mouse_click=9 | browser_click=9 | mouse_scroll=7 | keystroke=6 | browser_form_input=3 | clipboard_change=3 | shortcut=3,15,3,3,2,step3a1_pi_segment_evidence.csv | step2_layer6_semantic_segment_profiles.csv,0,False
ses_20260701-191537-LAPTOP-76QMG9DE,15,99,keystroke=74 | screenshot_smart=11 | shortcut=4 | app_switch=3 | mouse_click=2 | text_input_complete=2 | browser_form_input=1 | browser_click=1 | clipboard_change=1,11,1,1,2,step3a1_pi_segment_evidence.csv | step2_layer6_semantic_segment_profiles.csv,0,False
ses_20260701-191537-LAPTOP-76QMG9DE,16,16,screenshot_smart=5 | mouse_click=2 | browser_click=2 | mouse_scroll=2 | keystroke=2 | app_switch=1 | clipboard_change=1 | shortcut=1,5,1,0,2,step3a1_pi_segment_evidence.csv | step2_layer6_semantic_segment_profiles.csv,1,True
ses_20260701-191537-LAPTOP-76QMG9DE,17,29,screenshot_smart=7 | keystroke=6 | mouse_click=3 | browser_click=3 | shortcut=3 | app_switch=2 | clipboard_change=2 | mouse_scroll=2 | browser_form_input=1,7,2,1,2,step3a1_pi_segment_evidence.csv | step2_layer6_semantic_segment_profiles.csv,0,False
ses_20260701-191537-LAPTOP-76QMG9DE,18,4,browser_form_input=1 | mouse_click=1 | browser_click=1 | screenshot_smart=1,1,0,1,2,step3a1_pi_segment_evidence.csv | step2_layer6_semantic_segment_profiles.csv,0,False
ses_20260701-191537-LAPTOP-76QMG9DE,19,32,screenshot_smart=9 | mouse_click=5 | browser_click=5 | mouse_scroll=4 | keystroke=4 | clipboard_change=2 | shortcut=2 | browser_form_input=1,9,2,1,2,step3a1_pi_segment_evidence.csv | step2_layer6_semantic_segment_profiles.csv,2,True
ses_20260701-191537-LAPTOP-76QMG9DE,20,14,keystroke=4 | screenshot_smart=3 | shortcut=2 | browser_form_input=1 | mouse_click=1 | browser_click=1 | app_switch=1 | clipboard_change=1,3,1,1,2,step3a1_pi_segment_evidence.csv | step2_layer6_semantic_segment_profiles.csv,2,True
ses_20260701-191537-LAPTOP-76QMG9DE,21,39,screenshot_smart=11 | mouse_click=6 | browser_click=6 | mouse_scroll=4 | keystroke=4 | clipboard_change=2 | shortcut=2 | browser_form_input=2 | browser_navigation=1 | app_switch=1,11,2,2,2,step3a1_pi_segment_evidence.csv | step2_layer6_semantic_segment_profiles.csv,3,True
ses_20260701-191537-LAPTOP-76QMG9DE,22,21,screenshot_smart=6 | keystroke=4 | app_switch=2 | shortcut=2 | mouse_click=2 | browser_click=2 | mouse_scroll=2 | clipboard_change=1,6,1,0,2,step3a1_pi_segment_evidence.csv | step2_layer6_semantic_segment_profiles.csv,1,True
ses_20260701-191537-LAPTOP-76QMG9DE,23,22,screenshot_smart=5 | keystroke=4 | mouse_click=3 | browser_click=3 | clipboard_change=2 | shortcut=2 | mouse_scroll=2 | browser_form_input=1,5,2,1,2,step3a1_pi_segment_evidence.csv | step2_layer6_semantic_segment_profiles.csv,0,False
ses_20260701-192455-NEELA9BAF,1,32,screenshot_smart=10 | mouse_scroll=8 | mouse_click=6 | keystroke=4 | clipboard_change=2 | shortcut=2,10,2,0,2,step3a1_pi_segment_evidence.csv | step2_layer6_semantic_segment_profiles.csv,0,False
ses_20260701-192455-NEELA9BAF,2,29,screenshot_smart=8 | mouse_scroll=7 | mouse_click=6 | keystroke=4 | clipboard_change=2 | shortcut=2,8,2,0,2,step3a1_pi_segment_evidence.csv | step2_layer6_semantic_segment_profiles.csv,0,False
ses_20260701-192455-NEELA9BAF,3,38,screenshot_smart=11 | mouse_click=6 | app_switch=6 | keystroke=6 | shortcut=3 | mouse_scroll=2 | clipboard_change=2 | window_state_change=1 | window_title_change=1,11,2,0,2,step3a1_pi_segment_evidence.csv | step2_layer6_semantic_segment_profiles.csv,0,False
ses_20260701-192455-NEELA9BAF,4,20,keystroke=6 | screenshot_smart=4 | shortcut=3 | app_switch=2 | clipboard_change=2 | mouse_click=2 | mouse_scroll=1,4,2,0,2,step3a1_pi_segment_evidence.csv | step2_layer6_semantic_segment_profiles.csv,3,True
ses_20260701-192455-NEELA9BAF,5,24,mouse_click=6 | screenshot_smart=6 | mouse_scroll=4 | keystroke=4 | clipboard_change=2 | shortcut=2,6,2,0,2,step3a1_pi_segment_evidence.csv | step2_layer6_semantic_segment_profiles.csv,1,True
ses_20260701-192455-NEELA9BAF,6,22,keystroke=6 | screenshot_smart=5 | mouse_click=3 | shortcut=3 | app_switch=2 | clipboard_change=2 | mouse_scroll=1,5,2,0,2,step3a1_pi_segment_evidence.csv | step2_layer6_semantic_segment_profiles.csv,0,False
ses_20260701-192455-NEELA9BAF,7,11,screenshot_smart=3 | mouse_scroll=2 | mouse_click=2 | keystroke=2 | clipboard_change=1 | shortcut=1,3,1,0,2,step3a1_pi_segment_evidence.csv | step2_layer6_semantic_segment_profiles.csv,0,False
ses_20260701-192455-NEELA9BAF,8,24,screenshot_smart=6 | mouse_click=6 | mouse_scroll=4 | keystroke=4 | clipboard_change=2 | shortcut=2,6,2,0,2,step3a1_pi_segment_evidence.csv | step2_layer6_semantic_segment_profiles.csv,0,False
ses_20260701-192455-NEELA9BAF,9,26,screenshot_smart=7 | mouse_scroll=6 | mouse_click=5 | keystroke=4 | clipboard_change=2 | shortcut=2,7,2,0,2,step3a1_pi_segment_evidence.csv | step2_layer6_semantic_segment_profiles.csv,0,False
ses_20260701-192455-NEELA9BAF,10,24,keystroke=6 | screenshot_smart=5 | mouse_click=3 | shortcut=3 | app_switch=2 | clipboard_change=2 | mouse_scroll=2 | window_title_change=1,5,2,0,2,step3a1_pi_segment_evidence.csv | step2_layer6_semantic_segment_profiles.csv,0,False
ses_20260701-192455-NEELA9BAF,11,15,screenshot_smart=4 | mouse_click=3 | mouse_scroll=3 | keystroke=2 | upload_started=1 | clipboard_change=1 | shortcut=1,4,1,0,2,step3a1_pi_segment_evidence.csv | step2_layer6_semantic_segment_profiles.csv,0,False
ses_20260701-192455-NEELA9BAF,12,24,mouse_click=6 | screenshot_smart=6 | mouse_scroll=4 | keystroke=4 | clipboard_change=2 | shortcut=2,6,2,0,2,step3a1_pi_segment_evidence.csv | step2_layer6_semantic_segment_profiles.csv,4,True
ses_20260701-192455-NEELA9BAF,13,23,keystroke=6 | screenshot_smart=5 | mouse_click=3 | shortcut=3 | app_switch=2 | clipboard_change=2 | window_title_change=1 | mouse_scroll=1,5,2,0,2,step3a1_pi_segment_evidence.csv | step2_layer6_semantic_segment_profiles.csv,1,True
ses_20260701-192455-NEELA9BAF,14,11,screenshot_smart=3 | mouse_click=2 | keystroke=2 | app_switch=1 | mouse_scroll=1 | clipboard_change=1 | shortcut=1,3,1,0,2,step3a1_pi_segment_evidence.csv | step2_layer6_semantic_segment_profiles.csv,1,True
ses_20260701-192455-NEELA9BAF,15,55,keystroke=28 | screenshot_smart=9 | mouse_click=4 | shortcut=4 | app_switch=3 | text_input_complete=2 | mouse_scroll=2 | window_title_change=1 | window_state_change=1 | clipboard_change=1,9,1,0,2,step3a1_pi_segment_evidence.csv | step2_layer6_semantic_segment_profiles.csv,0,False
ses_20260701-192455-NEELA9BAF,16,74,keystroke=32 | screenshot_smart=13 | app_switch=8 | mouse_click=6 | shortcut=5 | mouse_scroll=3 | window_title_change=2 | clipboard_change=2 | text_input_complete=2 | window_state_change=1,13,2,0,2,step3a1_pi_segment_evidence.csv | step2_layer6_semantic_segment_profiles.csv,0,False
ses_20260701-192455-NEELA9BAF,17,19,app_switch=6 | screenshot_smart=4 | mouse_click=3 | keystroke=2 | mouse_scroll=1 | window_title_change=1 | clipboard_change=1 | shortcut=1,4,1,0,2,step3a1_pi_segment_evidence.csv | step2_layer6_semantic_segment_profiles.csv,1,True
ses_20260701-192455-NEELA9BAF,18,25,mouse_scroll=6 | screenshot_smart=6 | mouse_click=5 | keystroke=4 | clipboard_change=2 | shortcut=2,6,2,0,2,step3a1_pi_segment_evidence.csv | step2_layer6_semantic_segment_profiles.csv,0,False
ses_20260701-192455-NEELA9BAF,19,23,keystroke=6 | screenshot_smart=5 | mouse_click=3 | shortcut=3 | mouse_scroll=3 | clipboard_change=2 | app_switch=1,5,2,0,2,step3a1_pi_segment_evidence.csv | step2_layer6_semantic_segment_profiles.csv,0,False
