segment_key,exact_active_apps,active_app_count,word_active,excel_active,notepad_active,browser_active,teams_active,other_active_apps,raw_browser_navigation_events,raw_browser_click_events,raw_form_input_events
ses_20260701-164424-CHAITANYA0BCF::1,Microsoft Edge | Windows Terminal,2,0,0,0,1,0,,3,0,0
ses_20260701-164424-CHAITANYA0BCF::10,Microsoft Edge | Microsoft Excel | Microsoft Word,3,1,1,0,1,0,,0,4,2
ses_20260701-164424-CHAITANYA0BCF::11,Microsoft Edge,1,0,0,0,1,0,,1,5,1
ses_20260701-164424-CHAITANYA0BCF::12,Microsoft Edge,1,0,0,0,1,0,,0,7,3
ses_20260701-164424-CHAITANYA0BCF::13,Microsoft Edge | Microsoft Word,2,1,0,0,1,0,,1,5,1
ses_20260701-164424-CHAITANYA0BCF::14,Microsoft Edge | Microsoft Word,2,1,0,0,1,0,,0,4,2
ses_20260701-164424-CHAITANYA0BCF::15,Microsoft Edge | Microsoft Word,2,1,0,0,1,0,,0,3,1
ses_20260701-164424-CHAITANYA0BCF::16,Microsoft Edge,1,0,0,0,1,0,,1,11,3
ses_20260701-164424-CHAITANYA0BCF::17,Microsoft Edge | Notepad,2,0,0,1,1,0,,0,1,1
ses_20260701-164424-CHAITANYA0BCF::18,Microsoft Edge | Microsoft Word | Notepad,3,1,0,1,1,0,,1,12,4
ses_20260701-164424-CHAITANYA0BCF::19,Microsoft Edge | Microsoft Word,2,1,0,0,1,0,,1,3,1
ses_20260701-164424-CHAITANYA0BCF::2,Microsoft Edge | Microsoft Word,2,1,0,0,1,0,,1,3,0
ses_20260701-164424-CHAITANYA0BCF::20,Microsoft Edge | Microsoft Word,2,1,0,0,1,0,,0,3,1
ses_20260701-164424-CHAITANYA0BCF::21,Microsoft Edge,1,0,0,0,1,0,,0,2,0
ses_20260701-164424-CHAITANYA0BCF::22,Microsoft Edge,1,0,0,0,1,0,,0,3,1
ses_20260701-164424-CHAITANYA0BCF::23,Microsoft Edge,1,0,0,0,1,0,,0,1,1
ses_20260701-164424-CHAITANYA0BCF::24,Microsoft Edge,1,0,0,0,1,0,,1,3,1
ses_20260701-164424-CHAITANYA0BCF::25,Microsoft Edge,1,0,0,0,1,0,,0,3,1
ses_20260701-164424-CHAITANYA0BCF::26,Microsoft Edge | Microsoft Word,2,1,0,0,1,0,,0,6,2
ses_20260701-164424-CHAITANYA0BCF::27,Microsoft Edge | Microsoft Word,2,1,0,0,1,0,,0,6,2
ses_20260701-164424-CHAITANYA0BCF::28,Microsoft Edge | Microsoft Word,2,1,0,0,1,0,,0,5,1
ses_20260701-164424-CHAITANYA0BCF::29,Microsoft Edge | Microsoft Word | ProcMine Agent | Windows Explorer | Windows Terminal,5,1,0,0,1,0,,2,1,1
ses_20260701-164424-CHAITANYA0BCF::3,Microsoft Edge | Microsoft Word,2,1,0,0,1,0,,0,3,1
ses_20260701-164424-CHAITANYA0BCF::4,Microsoft Edge | Microsoft Excel | Microsoft Word | Windows Terminal,4,1,1,0,1,0,,0,5,1
ses_20260701-164424-CHAITANYA0BCF::5,Microsoft Edge | Microsoft Word,2,1,0,0,1,0,,1,3,1
ses_20260701-164424-CHAITANYA0BCF::6,Microsoft Edge,1,0,0,0,1,0,,0,3,1
ses_20260701-164424-CHAITANYA0BCF::7,Microsoft Edge,1,0,0,0,1,0,,0,6,2
ses_20260701-164424-CHAITANYA0BCF::8,Microsoft Edge,1,0,0,0,1,0,,0,3,1
ses_20260701-164424-CHAITANYA0BCF::9,Microsoft Edge | Microsoft Excel | Microsoft Word,3,1,1,0,1,0,,0,5,1
ses_20260701-171614-CHAITANYA0BCF::1,Microsoft Edge | Microsoft Teams | ProcMine Agent | Windows Explorer | Windows Terminal,5,0,0,0,1,1,,3,1,0
ses_20260701-171614-CHAITANYA0BCF::10,Microsoft Edge,1,0,0,0,1,0,,1,3,1
ses_20260701-171614-CHAITANYA0BCF::11,Microsoft Edge,1,0,0,0,1,0,,0,2,0
ses_20260701-171614-CHAITANYA0BCF::12,Microsoft Edge,1,0,0,0,1,0,,0,6,2
ses_20260701-171614-CHAITANYA0BCF::13,Microsoft Edge | Windows Explorer,2,0,0,0,1,0,,0,1,1
ses_20260701-171614-CHAITANYA0BCF::14,Microsoft Edge | Microsoft Word,2,1,0,0,1,0,,1,9,3
ses_20260701-171614-CHAITANYA0BCF::15,Microsoft Edge,1,0,0,0,1,0,,0,1,0
ses_20260701-171614-CHAITANYA0BCF::16,Microsoft Edge | Microsoft Excel | Microsoft Word,3,1,1,0,1,0,,1,7,2
ses_20260701-171614-CHAITANYA0BCF::17,Microsoft Edge | Microsoft Excel,2,0,1,0,1,0,,0,3,2
ses_20260701-171614-CHAITANYA0BCF::18,Microsoft Edge | Microsoft Excel,2,0,1,0,1,0,,0,7,2
ses_20260701-171614-CHAITANYA0BCF::19,Microsoft Edge,1,0,0,0,1,0,,0,2,0
ses_20260701-171614-CHAITANYA0BCF::2,Microsoft Edge | Microsoft Word,2,1,0,0,1,0,,1,1,0
ses_20260701-171614-CHAITANYA0BCF::20,Microsoft Edge | Microsoft Excel,2,0,1,0,1,0,,0,3,1
ses_20260701-171614-CHAITANYA0BCF::21,Microsoft Edge | Microsoft Excel,2,0,1,0,1,0,,0,4,2
ses_20260701-171614-CHAITANYA0BCF::22,Microsoft Edge,1,0,0,0,1,0,,1,8,2
ses_20260701-171614-CHAITANYA0BCF::23,Microsoft Edge,1,0,0,0,1,0,,0,4,2
ses_20260701-171614-CHAITANYA0BCF::24,Microsoft Edge | Microsoft Word,2,1,0,0,1,0,,1,3,1
ses_20260701-171614-CHAITANYA0BCF::25,Microsoft Edge | Microsoft Word,2,1,0,0,1,0,,0,5,1
ses_20260701-171614-CHAITANYA0BCF::26,Microsoft Edge,1,0,0,0,1,0,,0,3,1
ses_20260701-171614-CHAITANYA0BCF::27,Microsoft Edge,1,0,0,0,1,0,,1,12,4
ses_20260701-171614-CHAITANYA0BCF::28,Microsoft Edge | Notepad,2,0,0,1,1,0,,0,1,1
ses_20260701-171614-CHAITANYA0BCF::29,Microsoft Edge | Microsoft Word | Notepad,3,1,0,1,1,0,,1,3,1
ses_20260701-171614-CHAITANYA0BCF::3,Microsoft Edge | Microsoft Word,2,1,0,0,1,0,,0,2,0
ses_20260701-171614-CHAITANYA0BCF::30,Microsoft Edge | Microsoft Word,2,1,0,0,1,0,,0,6,2
ses_20260701-171614-CHAITANYA0BCF::31,Microsoft Edge,1,0,0,0,1,0,,0,2,0
ses_20260701-171614-CHAITANYA0BCF::32,Microsoft Edge,1,0,0,0,1,0,,0,1,1
ses_20260701-171614-CHAITANYA0BCF::33,Microsoft Edge,1,0,0,0,1,0,,0,6,2
ses_20260701-171614-CHAITANYA0BCF::34,Microsoft Edge | Microsoft Word,2,1,0,0,1,0,,0,5,1
ses_20260701-171614-CHAITANYA0BCF::35,Microsoft Edge,1,0,0,0,1,0,,0,1,1
ses_20260701-171614-CHAITANYA0BCF::36,Microsoft Edge,1,0,0,0,1,0,,1,6,2
ses_20260701-171614-CHAITANYA0BCF::37,Microsoft Edge | Microsoft Word,2,1,0,0,1,0,,0,3,1
ses_20260701-171614-CHAITANYA0BCF::38,Microsoft Edge | Microsoft Word,2,1,0,0,1,0,,1,8,2
ses_20260701-171614-CHAITANYA0BCF::39,Microsoft Edge | Microsoft Word,2,1,0,0,1,0,,0,3,1
ses_20260701-171614-CHAITANYA0BCF::4,Microsoft Edge,1,0,0,0,1,0,,0,1,1
ses_20260701-171614-CHAITANYA0BCF::40,Microsoft Edge | Microsoft Word,2,1,0,0,1,0,,0,3,1
ses_20260701-171614-CHAITANYA0BCF::41,Microsoft Edge | Microsoft Word,2,1,0,0,1,0,,1,12,5
ses_20260701-171614-CHAITANYA0BCF::42,Microsoft Edge | Microsoft Word | ProcMine Agent | Windows Terminal,4,1,0,0,1,0,,2,1,0
ses_20260701-171614-CHAITANYA0BCF::5,Microsoft Edge | Microsoft Word,2,1,0,0,1,0,,0,3,1
ses_20260701-171614-CHAITANYA0BCF::6,Microsoft Edge | Microsoft Word,2,1,0,0,1,0,,0,3,1
ses_20260701-171614-CHAITANYA0BCF::7,Microsoft Edge,1,0,0,0,1,0,,1,3,1
ses_20260701-171614-CHAITANYA0BCF::8,Microsoft Edge,1,0,0,0,1,0,,0,5,1
ses_20260701-171614-CHAITANYA0BCF::9,Microsoft Edge,1,0,0,0,1,0,,0,4,2
ses_20260701-173246-SIDDHIGUPTAB00B::1,Microsoft Edge | Microsoft Teams | Notepad | Windows Terminal,4,0,0,1,1,1,,3,0,0
ses_20260701-173246-SIDDHIGUPTAB00B::10,Microsoft Edge,1,0,0,0,1,0,,1,0,0
ses_20260701-173246-SIDDHIGUPTAB00B::11,Microsoft Edge,1,0,0,0,1,0,,0,2,0
ses_20260701-173246-SIDDHIGUPTAB00B::12,Microsoft Edge,1,0,0,0,1,0,,0,7,3
ses_20260701-173246-SIDDHIGUPTAB00B::13,Microsoft Edge | Microsoft Word,2,1,0,0,1,0,,1,6,2
ses_20260701-173246-SIDDHIGUPTAB00B::14,Microsoft Edge | Microsoft Word,2,1,0,0,1,0,,0,3,1
ses_20260701-173246-SIDDHIGUPTAB00B::15,Microsoft Edge | Microsoft Word,2,1,0,0,1,0,,0,3,1
ses_20260701-173246-SIDDHIGUPTAB00B::16,Microsoft Edge | Microsoft Word,2,1,0,0,1,0,,0,6,2
ses_20260701-173246-SIDDHIGUPTAB00B::17,Microsoft Edge | Microsoft Word,2,1,0,0,1,0,,0,3,1
ses_20260701-173246-SIDDHIGUPTAB00B::18,Microsoft Edge | Microsoft Word,2,1,0,0,1,0,,0,3,1
ses_20260701-173246-SIDDHIGUPTAB00B::19,Microsoft Edge | Windows Explorer,2,0,0,0,1,0,,0,2,0
ses_20260701-173246-SIDDHIGUPTAB00B::2,Microsoft Edge | Microsoft Word,2,1,0,0,1,0,,1,3,0
ses_20260701-173246-SIDDHIGUPTAB00B::20,Microsoft Edge,1,0,0,0,1,0,,0,3,1
ses_20260701-173246-SIDDHIGUPTAB00B::21,Microsoft Edge,1,0,0,0,1,0,,0,7,3
ses_20260701-173246-SIDDHIGUPTAB00B::22,Microsoft Edge,1,0,0,0,1,0,,1,8,2
ses_20260701-173246-SIDDHIGUPTAB00B::23,Microsoft Edge,1,0,0,0,1,0,,0,3,1
ses_20260701-173246-SIDDHIGUPTAB00B::24,Microsoft Edge | Microsoft Word | Notepad,3,1,0,1,1,0,,1,6,2
ses_20260701-173246-SIDDHIGUPTAB00B::25,Microsoft Edge | Microsoft Word,2,1,0,0,1,0,,0,4,2
ses_20260701-173246-SIDDHIGUPTAB00B::26,Microsoft Edge,1,0,0,0,1,0,,0,1,0
ses_20260701-173246-SIDDHIGUPTAB00B::27,Microsoft Edge | Microsoft Word,2,1,0,0,1,0,,0,2,1
ses_20260701-173246-SIDDHIGUPTAB00B::28,Microsoft Edge | Microsoft Word,2,1,0,0,1,0,,0,5,1
ses_20260701-173246-SIDDHIGUPTAB00B::29,Microsoft Edge | Microsoft Word,2,1,0,0,1,0,,0,4,2
ses_20260701-173246-SIDDHIGUPTAB00B::3,Microsoft Edge | Notepad,2,0,0,1,1,0,,0,3,1
ses_20260701-173246-SIDDHIGUPTAB00B::30,Microsoft Edge,1,0,0,0,1,0,,0,2,0
ses_20260701-173246-SIDDHIGUPTAB00B::31,Microsoft Edge,1,0,0,0,1,0,,0,1,1
ses_20260701-173246-SIDDHIGUPTAB00B::32,Microsoft Edge,1,0,0,0,1,0,,1,3,1
ses_20260701-173246-SIDDHIGUPTAB00B::33,Microsoft Edge,1,0,0,0,1,0,,0,3,1
ses_20260701-173246-SIDDHIGUPTAB00B::34,Microsoft Edge | Notepad,2,0,0,1,1,0,,0,2,0
ses_20260701-173246-SIDDHIGUPTAB00B::35,Microsoft Edge,1,0,0,0,1,0,,0,1,1
ses_20260701-173246-SIDDHIGUPTAB00B::36,Microsoft Edge,1,0,0,0,1,0,,0,2,0
ses_20260701-173246-SIDDHIGUPTAB00B::37,Microsoft Edge | Windows Explorer,2,0,0,0,1,0,,0,1,1
ses_20260701-173246-SIDDHIGUPTAB00B::38,Microsoft Edge | Microsoft Word | Windows Explorer,3,1,0,0,1,0,,1,3,1
ses_20260701-173246-SIDDHIGUPTAB00B::39,Microsoft Edge | Microsoft Word,2,1,0,0,1,0,,0,9,3
ses_20260701-173246-SIDDHIGUPTAB00B::4,Microsoft Edge,1,0,0,0,1,0,,0,4,2
ses_20260701-173246-SIDDHIGUPTAB00B::40,Microsoft Edge | Microsoft Word,2,1,0,0,1,0,,1,5,1
ses_20260701-173246-SIDDHIGUPTAB00B::41,Microsoft Edge,1,0,0,0,1,0,,0,3,1
ses_20260701-173246-SIDDHIGUPTAB00B::42,Microsoft Edge | Notepad,2,0,0,1,1,0,,0,3,1
ses_20260701-173246-SIDDHIGUPTAB00B::43,Microsoft Edge | Microsoft Word | ProcMine Agent | Windows Explorer,4,1,0,0,1,0,,3,1,1
ses_20260701-173246-SIDDHIGUPTAB00B::5,Microsoft Edge,1,0,0,0,1,0,,1,5,1
ses_20260701-173246-SIDDHIGUPTAB00B::6,Microsoft Edge,1,0,0,0,1,0,,0,3,1
ses_20260701-173246-SIDDHIGUPTAB00B::7,Microsoft Edge | Microsoft Word | Notepad,3,1,0,1,1,0,,1,9,3
ses_20260701-173246-SIDDHIGUPTAB00B::8,Microsoft Edge | Microsoft Word,2,1,0,0,1,0,,1,10,4
ses_20260701-173246-SIDDHIGUPTAB00B::9,Microsoft Edge | Microsoft Word,2,1,0,0,1,0,,0,3,1
ses_20260701-173642-NEELA9BAF::1,Microsoft Edge | Microsoft Teams | Notepad | ProcMine Agent,4,0,0,1,1,1,,7,2,0
ses_20260701-173642-NEELA9BAF::10,Microsoft Edge,1,0,0,0,1,0,,0,2,0
ses_20260701-173642-NEELA9BAF::11,Microsoft Edge,1,0,0,0,1,0,,0,3,1
ses_20260701-173642-NEELA9BAF::12,Microsoft Edge,1,0,0,0,1,0,,0,1,1
ses_20260701-173642-NEELA9BAF::13,Microsoft Edge,1,0,0,0,1,0,,0,3,1
ses_20260701-173642-NEELA9BAF::14,Microsoft Edge | Notepad,2,0,0,1,1,0,,0,2,0
ses_20260701-173642-NEELA9BAF::15,Microsoft Edge,1,0,0,0,1,0,,0,3,1
ses_20260701-173642-NEELA9BAF::16,Microsoft Edge | Microsoft Word | Notepad,3,1,0,1,1,0,,0,4,2
ses_20260701-173642-NEELA9BAF::17,Microsoft Edge | Microsoft Word,2,1,0,0,1,0,,0,3,1
ses_20260701-173642-NEELA9BAF::18,Microsoft Edge,1,0,0,0,1,0,,0,3,1
ses_20260701-173642-NEELA9BAF::19,Microsoft Edge | Microsoft Word,2,1,0,0,1,0,,0,3,1
ses_20260701-173642-NEELA9BAF::2,Microsoft Edge | prl_cc,2,0,0,0,1,0,prl_cc,0,6,1
ses_20260701-173642-NEELA9BAF::20,Microsoft Edge | Microsoft Word,2,1,0,0,1,0,,1,3,1
ses_20260701-173642-NEELA9BAF::21,Microsoft Edge | Microsoft Word,2,1,0,0,1,0,,0,14,4
ses_20260701-173642-NEELA9BAF::22,Microsoft Edge,1,0,0,0,1,0,,0,1,1
ses_20260701-173642-NEELA9BAF::23,Microsoft Edge,1,0,0,0,1,0,,0,2,0
ses_20260701-173642-NEELA9BAF::24,Microsoft Edge,1,0,0,0,1,0,,0,1,1
ses_20260701-173642-NEELA9BAF::25,Microsoft Edge | Microsoft Excel | Microsoft Word | ProcMine Agent | Windows Terminal | prl_cc,6,1,1,0,1,0,prl_cc,0,9,3
ses_20260701-173642-NEELA9BAF::26,Microsoft Edge,1,0,0,0,1,0,,0,0,0
ses_20260701-173642-NEELA9BAF::27,Microsoft Edge,1,0,0,0,1,0,,0,1,0
ses_20260701-173642-NEELA9BAF::28,Microsoft Edge,1,0,0,0,1,0,,1,2,1
ses_20260701-173642-NEELA9BAF::29,Microsoft Edge,1,0,0,0,1,0,,0,9,2
ses_20260701-173642-NEELA9BAF::3,Microsoft Edge | Windows Terminal,2,0,0,0,1,0,,0,4,2
ses_20260701-173642-NEELA9BAF::30,Microsoft Edge,1,0,0,0,1,0,,1,6,2
ses_20260701-173642-NEELA9BAF::31,Microsoft Edge,1,0,0,0,1,0,,0,3,1
ses_20260701-173642-NEELA9BAF::32,Microsoft Edge,1,0,0,0,1,0,,0,3,1
ses_20260701-173642-NEELA9BAF::33,Microsoft Edge,1,0,0,0,1,0,,0,1,1
ses_20260701-173642-NEELA9BAF::34,Microsoft Edge,1,0,0,0,1,0,,0,1,0
ses_20260701-173642-NEELA9BAF::35,Microsoft Edge | Microsoft Word,2,1,0,0,1,0,,0,2,1
ses_20260701-173642-NEELA9BAF::36,Microsoft Edge | Microsoft Word,2,1,0,0,1,0,,0,3,1
ses_20260701-173642-NEELA9BAF::37,Microsoft Edge,1,0,0,0,1,0,,0,2,0
ses_20260701-173642-NEELA9BAF::38,Microsoft Edge | Microsoft Excel | Microsoft Word | Windows Explorer,4,1,1,0,1,0,,0,4,2
ses_20260701-173642-NEELA9BAF::39,Microsoft Edge | Windows Explorer,2,0,0,0,1,0,,1,6,2
ses_20260701-173642-NEELA9BAF::4,Microsoft Edge,1,0,0,0,1,0,,1,5,1
ses_20260701-173642-NEELA9BAF::40,Microsoft Edge | Microsoft Word,2,1,0,0,1,0,,0,5,1
ses_20260701-173642-NEELA9BAF::41,Microsoft Edge | Microsoft Word | Windows Terminal,3,1,0,0,1,0,,3,1,1
ses_20260701-173642-NEELA9BAF::5,Microsoft Edge,1,0,0,0,1,0,,0,4,2
ses_20260701-173642-NEELA9BAF::6,Microsoft Edge | Notepad,2,0,0,1,1,0,,0,2,0
ses_20260701-173642-NEELA9BAF::7,Microsoft Edge,1,0,0,0,1,0,,1,1,1
ses_20260701-173642-NEELA9BAF::8,Microsoft Edge,1,0,0,0,1,0,,0,5,1
ses_20260701-173642-NEELA9BAF::9,Microsoft Edge,1,0,0,0,1,0,,0,1,1
ses_20260701-175258-LAPTOP-76QMG9DE::1,Microsoft Edge | Microsoft Teams | Notepad,3,0,0,1,1,1,,4,0,0
ses_20260701-175258-LAPTOP-76QMG9DE::10,Microsoft Edge | Microsoft Word,2,1,0,0,1,0,,0,3,1
ses_20260701-175258-LAPTOP-76QMG9DE::11,Microsoft Edge | Notepad,2,0,0,1,1,0,,0,8,2
ses_20260701-175258-LAPTOP-76QMG9DE::12,Microsoft Edge | Notepad | Windows Explorer,3,0,0,1,1,0,,1,4,2
ses_20260701-175258-LAPTOP-76QMG9DE::13,Microsoft Edge | Microsoft Word,2,1,0,0,1,0,,0,3,1
ses_20260701-175258-LAPTOP-76QMG9DE::14,Microsoft Edge,1,0,0,0,1,0,,0,5,1
ses_20260701-175258-LAPTOP-76QMG9DE::15,Microsoft Edge,1,0,0,0,1,0,,0,3,1
ses_20260701-175258-LAPTOP-76QMG9DE::16,Microsoft Edge | Microsoft Word,2,1,0,0,1,0,,0,3,1
ses_20260701-175258-LAPTOP-76QMG9DE::17,Microsoft Edge | Microsoft Word,2,1,0,0,1,0,,1,3,1
ses_20260701-175258-LAPTOP-76QMG9DE::18,Microsoft Edge,1,0,0,0,1,0,,0,6,2
ses_20260701-175258-LAPTOP-76QMG9DE::19,Microsoft Edge | Notepad,2,0,0,1,1,0,,0,3,1
ses_20260701-175258-LAPTOP-76QMG9DE::2,Microsoft Edge,1,0,0,0,1,0,,1,2,0
ses_20260701-175258-LAPTOP-76QMG9DE::20,Microsoft Edge,1,0,0,0,1,0,,0,3,1
ses_20260701-175258-LAPTOP-76QMG9DE::21,Microsoft Edge | Microsoft Word,2,1,0,0,1,0,,0,6,2
ses_20260701-175258-LAPTOP-76QMG9DE::22,Microsoft Edge,1,0,0,0,1,0,,0,4,2
ses_20260701-175258-LAPTOP-76QMG9DE::23,Microsoft Edge,1,0,0,0,1,0,,0,6,2
ses_20260701-175258-LAPTOP-76QMG9DE::24,Microsoft Edge,1,0,0,0,1,0,,0,6,2
ses_20260701-175258-LAPTOP-76QMG9DE::26,Microsoft Edge | Microsoft Word,2,1,0,0,1,0,,1,11,3
ses_20260701-175258-LAPTOP-76QMG9DE::27,Microsoft Edge | Microsoft Word,2,1,0,0,1,0,,1,6,2
ses_20260701-175258-LAPTOP-76QMG9DE::28,Microsoft Edge,1,0,0,0,1,0,,0,1,1
ses_20260701-175258-LAPTOP-76QMG9DE::29,Microsoft Edge,1,0,0,0,1,0,,0,2,0
ses_20260701-175258-LAPTOP-76QMG9DE::3,Microsoft Edge | Microsoft Word,2,1,0,0,1,0,,0,3,0
ses_20260701-175258-LAPTOP-76QMG9DE::30,Microsoft Edge | Microsoft Word,2,1,0,0,1,0,,0,3,1
ses_20260701-175258-LAPTOP-76QMG9DE::31,Microsoft Edge | Microsoft Word,2,1,0,0,1,0,,1,6,2
ses_20260701-175258-LAPTOP-76QMG9DE::32,Microsoft Edge | Microsoft Word | OpenWith,3,1,0,0,1,0,OpenWith,0,10,4
ses_20260701-175258-LAPTOP-76QMG9DE::33,Microsoft Edge | Microsoft Word,2,1,0,0,1,0,,0,3,1
ses_20260701-175258-LAPTOP-76QMG9DE::34,Microsoft Edge | Microsoft Word | OpenWith,3,1,0,0,1,0,OpenWith,0,6,2
ses_20260701-175258-LAPTOP-76QMG9DE::35,Microsoft Edge,1,0,0,0,1,0,,1,2,0
ses_20260701-175258-LAPTOP-76QMG9DE::36,Microsoft Edge,1,0,0,0,1,0,,0,9,3
ses_20260701-175258-LAPTOP-76QMG9DE::37,Microsoft Edge,1,0,0,0,1,0,,0,6,2
ses_20260701-175258-LAPTOP-76QMG9DE::38,Microsoft Edge | Microsoft Word | ProcMine Agent | Windows Terminal,4,1,0,0,1,0,,3,7,3
ses_20260701-175258-LAPTOP-76QMG9DE::4,Microsoft Edge,1,0,0,0,1,0,,0,3,1
ses_20260701-175258-LAPTOP-76QMG9DE::5,Microsoft Edge | Microsoft Word,2,1,0,0,1,0,,0,3,1
ses_20260701-175258-LAPTOP-76QMG9DE::6,Microsoft Edge,1,0,0,0,1,0,,0,1,1
ses_20260701-175258-LAPTOP-76QMG9DE::7,Microsoft Edge,1,0,0,0,1,0,,1,3,1
ses_20260701-175258-LAPTOP-76QMG9DE::8,Microsoft Edge,1,0,0,0,1,0,,0,2,0
ses_20260701-175258-LAPTOP-76QMG9DE::9,Microsoft Edge,1,0,0,0,1,0,,0,7,3
ses_20260701-175747-SIDDHIGUPTAB00B::1,Microsoft Edge | Microsoft Teams | Notepad | Windows Terminal,4,0,0,1,1,1,,0,0,0
ses_20260701-175747-SIDDHIGUPTAB00B::10,Microsoft Edge | Microsoft Word,2,1,0,0,1,0,,0,6,2
ses_20260701-175747-SIDDHIGUPTAB00B::11,Microsoft Edge,1,0,0,0,1,0,,1,6,2
ses_20260701-175747-SIDDHIGUPTAB00B::12,Microsoft Edge,1,0,0,0,1,0,,0,2,0
ses_20260701-175747-SIDDHIGUPTAB00B::13,Microsoft Edge,1,0,0,0,1,0,,0,4,2
ses_20260701-175747-SIDDHIGUPTAB00B::14,Microsoft Edge,1,0,0,0,1,0,,0,2,0
ses_20260701-175747-SIDDHIGUPTAB00B::15,Microsoft Edge,1,0,0,0,1,0,,0,3,1
ses_20260701-175747-SIDDHIGUPTAB00B::16,Microsoft Edge | Notepad,2,0,0,1,1,0,,0,3,2
ses_20260701-175747-SIDDHIGUPTAB00B::17,Microsoft Edge,1,0,0,0,1,0,,0,3,0
ses_20260701-175747-SIDDHIGUPTAB00B::18,Microsoft Edge | Microsoft Excel | Microsoft Word | Notepad,4,1,1,1,1,0,,1,7,3
ses_20260701-175747-SIDDHIGUPTAB00B::19,Microsoft Edge | Microsoft Word,2,1,0,0,1,0,,0,3,1
ses_20260701-175747-SIDDHIGUPTAB00B::2,Microsoft Edge,1,0,0,0,1,0,,6,5,0
ses_20260701-175747-SIDDHIGUPTAB00B::20,Microsoft Edge | Microsoft Word,2,1,0,0,1,0,,0,3,1
ses_20260701-175747-SIDDHIGUPTAB00B::21,Microsoft Edge,1,0,0,0,1,0,,1,2,0
ses_20260701-175747-SIDDHIGUPTAB00B::22,Microsoft Edge | Notepad,2,0,0,1,1,0,,0,4,2
ses_20260701-175747-SIDDHIGUPTAB00B::23,Microsoft Edge | Microsoft Word,2,1,0,0,1,0,,0,6,2
ses_20260701-175747-SIDDHIGUPTAB00B::24,Microsoft Edge,1,0,0,0,1,0,,0,5,1
ses_20260701-175747-SIDDHIGUPTAB00B::25,Microsoft Edge,1,0,0,0,1,0,,0,3,1
ses_20260701-175747-SIDDHIGUPTAB00B::26,Microsoft Edge | Notepad,2,0,0,1,1,0,,0,4,2
ses_20260701-175747-SIDDHIGUPTAB00B::27,Microsoft Edge,1,0,0,0,1,0,,0,2,0
ses_20260701-175747-SIDDHIGUPTAB00B::28,Microsoft Edge,1,0,0,0,1,0,,0,9,3
ses_20260701-175747-SIDDHIGUPTAB00B::29,Microsoft Edge,1,0,0,0,1,0,,1,4,2
ses_20260701-175747-SIDDHIGUPTAB00B::3,Microsoft Edge,1,0,0,0,1,0,,0,3,1
ses_20260701-175747-SIDDHIGUPTAB00B::30,Microsoft Edge,1,0,0,0,1,0,,0,3,1
ses_20260701-175747-SIDDHIGUPTAB00B::31,Microsoft Edge,1,0,0,0,1,0,,0,6,2
ses_20260701-175747-SIDDHIGUPTAB00B::32,Microsoft Edge,1,0,0,0,1,0,,1,5,1
ses_20260701-175747-SIDDHIGUPTAB00B::33,Microsoft Edge,1,0,0,0,1,0,,0,1,1
ses_20260701-175747-SIDDHIGUPTAB00B::34,Microsoft Edge,1,0,0,0,1,0,,0,2,0
ses_20260701-175747-SIDDHIGUPTAB00B::35,Microsoft Edge | Notepad,2,0,0,1,1,0,,0,3,1
ses_20260701-175747-SIDDHIGUPTAB00B::36,Microsoft Edge,1,0,0,0,1,0,,0,3,1
ses_20260701-175747-SIDDHIGUPTAB00B::37,Microsoft Edge,1,0,0,0,1,0,,0,1,1
ses_20260701-175747-SIDDHIGUPTAB00B::38,Microsoft Edge | Microsoft Word,2,1,0,0,1,0,,0,3,1
ses_20260701-175747-SIDDHIGUPTAB00B::39,Microsoft Edge,1,0,0,0,1,0,,0,2,0
ses_20260701-175747-SIDDHIGUPTAB00B::4,Microsoft Edge,1,0,0,0,1,0,,0,3,1
ses_20260701-175747-SIDDHIGUPTAB00B::40,Microsoft Edge,1,0,0,0,1,0,,0,4,2
ses_20260701-175747-SIDDHIGUPTAB00B::41,Microsoft Edge,1,0,0,0,1,0,,1,3,1
ses_20260701-175747-SIDDHIGUPTAB00B::42,Microsoft Edge,1,0,0,0,1,0,,0,8,2
ses_20260701-175747-SIDDHIGUPTAB00B::43,Microsoft Edge | ProcMine Agent | Windows Explorer,3,0,0,0,1,0,,3,1,1
ses_20260701-175747-SIDDHIGUPTAB00B::5,Microsoft Edge,1,0,0,0,1,0,,0,1,1
ses_20260701-175747-SIDDHIGUPTAB00B::6,Microsoft Edge | Microsoft Word,2,1,0,0,1,0,,1,6,2
ses_20260701-175747-SIDDHIGUPTAB00B::7,Microsoft Edge | Microsoft Word,2,1,0,0,1,0,,0,5,1
ses_20260701-175747-SIDDHIGUPTAB00B::8,Microsoft Edge | Notepad,2,0,0,1,1,0,,0,1,1
ses_20260701-175747-SIDDHIGUPTAB00B::9,Microsoft Edge | Notepad,2,0,0,1,1,0,,1,6,2
ses_20260701-180923-NEELA9BAF::1,Microsoft Edge | Microsoft Word | ProcMine Agent | Windows Terminal,4,1,0,0,1,0,,7,8,2
ses_20260701-180923-NEELA9BAF::10,Microsoft Edge | Microsoft Word,2,1,0,0,1,0,,0,4,2
ses_20260701-180923-NEELA9BAF::11,Microsoft Edge,1,0,0,0,1,0,,0,2,0
ses_20260701-180923-NEELA9BAF::12,Microsoft Edge | Microsoft Word,2,1,0,0,1,0,,0,7,3
ses_20260701-180923-NEELA9BAF::13,Microsoft Edge,1,0,0,0,1,0,,0,5,1
ses_20260701-180923-NEELA9BAF::14,Microsoft Edge,1,0,0,0,1,0,,0,3,1
ses_20260701-180923-NEELA9BAF::15,Microsoft Edge,1,0,0,0,1,0,,0,3,1
ses_20260701-180923-NEELA9BAF::16,Microsoft Edge,1,0,0,0,1,0,,0,1,1
ses_20260701-180923-NEELA9BAF::17,Microsoft Edge,1,0,0,0,1,0,,1,3,1
ses_20260701-180923-NEELA9BAF::18,Microsoft Edge,1,0,0,0,1,0,,0,2,0
ses_20260701-180923-NEELA9BAF::19,Microsoft Edge | Microsoft Word,2,1,0,0,1,0,,0,4,2
ses_20260701-180923-NEELA9BAF::2,Microsoft Edge | Microsoft Word,2,1,0,0,1,0,,0,1,1
ses_20260701-180923-NEELA9BAF::20,Microsoft Edge | Microsoft Word,2,1,0,0,1,0,,1,8,2
ses_20260701-180923-NEELA9BAF::21,Microsoft Edge,1,0,0,0,1,0,,0,1,1
ses_20260701-180923-NEELA9BAF::22,Microsoft Edge | Microsoft Word,2,1,0,0,1,0,,0,11,4
ses_20260701-180923-NEELA9BAF::23,Microsoft Edge | Notepad,2,0,0,1,1,0,,0,6,1
ses_20260701-180923-NEELA9BAF::24,Microsoft Edge,1,0,0,0,1,0,,0,3,1
ses_20260701-180923-NEELA9BAF::25,Microsoft Edge,1,0,0,0,1,0,,0,3,1
ses_20260701-180923-NEELA9BAF::26,Microsoft Edge | Notepad,2,0,0,1,1,0,,0,1,1
ses_20260701-180923-NEELA9BAF::27,Microsoft Edge | Notepad,2,0,0,1,1,0,,1,12,4
ses_20260701-180923-NEELA9BAF::28,Microsoft Edge,1,0,0,0,1,0,,0,2,0
ses_20260701-180923-NEELA9BAF::29,Microsoft Edge,1,0,0,0,1,0,,0,11,4
ses_20260701-180923-NEELA9BAF::3,Microsoft Edge | Microsoft Word,2,1,0,0,1,0,,1,3,1
ses_20260701-180923-NEELA9BAF::30,Microsoft Edge,1,0,0,0,1,0,,1,3,1
ses_20260701-180923-NEELA9BAF::31,Microsoft Edge,1,0,0,0,1,0,,0,2,0
ses_20260701-180923-NEELA9BAF::32,Microsoft Edge,1,0,0,0,1,0,,0,1,1
ses_20260701-180923-NEELA9BAF::33,Microsoft Edge | Microsoft Word,2,1,0,0,1,0,,0,2,0
ses_20260701-180923-NEELA9BAF::34,Microsoft Edge,1,0,0,0,1,0,,0,1,1
ses_20260701-180923-NEELA9BAF::35,Microsoft Edge,1,0,0,0,1,0,,0,2,0
ses_20260701-180923-NEELA9BAF::36,Microsoft Edge | Microsoft Word | Windows Terminal,3,1,0,0,1,0,,3,1,1
ses_20260701-180923-NEELA9BAF::4,Microsoft Edge | Microsoft Word,2,1,0,0,1,0,,0,6,2
ses_20260701-180923-NEELA9BAF::5,Microsoft Edge | Microsoft Word,2,1,0,0,1,0,,0,3,1
ses_20260701-180923-NEELA9BAF::6,Microsoft Edge | Microsoft Word,2,1,0,0,1,0,,1,5,1
ses_20260701-180923-NEELA9BAF::7,Microsoft Edge | Microsoft Word,2,1,0,0,1,0,,0,3,1
ses_20260701-180923-NEELA9BAF::8,Microsoft Edge | Microsoft Word | prl_cc,3,1,0,0,1,0,prl_cc,1,9,3
ses_20260701-180923-NEELA9BAF::9,Microsoft Edge | Windows Terminal,2,0,0,0,1,0,,0,6,2
ses_20260701-181413-LAPTOP-76QMG9DE::1,Microsoft Edge | Microsoft Teams,2,0,0,0,1,1,,2,3,0
ses_20260701-181413-LAPTOP-76QMG9DE::10,Microsoft Edge,1,0,0,0,1,0,,0,2,0
ses_20260701-181413-LAPTOP-76QMG9DE::11,Microsoft Edge | Notepad,2,0,0,1,1,0,,0,1,1
ses_20260701-181413-LAPTOP-76QMG9DE::12,Microsoft Edge | Notepad,2,0,0,1,1,0,,1,2,0
ses_20260701-181413-LAPTOP-76QMG9DE::13,Microsoft Edge,1,0,0,0,1,0,,0,1,1
ses_20260701-181413-LAPTOP-76QMG9DE::14,Microsoft Edge | Microsoft Word,2,1,0,0,1,0,,0,2,0
ses_20260701-181413-LAPTOP-76QMG9DE::15,Microsoft Edge,1,0,0,0,1,0,,1,3,1
ses_20260701-181413-LAPTOP-76QMG9DE::16,Microsoft Edge | Microsoft Word,2,1,0,0,1,0,,0,7,3
ses_20260701-181413-LAPTOP-76QMG9DE::17,Microsoft Edge | Microsoft Word,2,1,0,0,1,0,,0,5,1
ses_20260701-181413-LAPTOP-76QMG9DE::18,Microsoft Edge | Microsoft Word,2,1,0,0,1,0,,0,3,1
ses_20260701-181413-LAPTOP-76QMG9DE::19,Microsoft Edge | Microsoft Word,2,1,0,0,1,0,,0,3,1
ses_20260701-181413-LAPTOP-76QMG9DE::2,Microsoft Edge,1,0,0,0,1,0,,0,3,1
ses_20260701-181413-LAPTOP-76QMG9DE::20,Microsoft Edge,1,0,0,0,1,0,,0,3,1
ses_20260701-181413-LAPTOP-76QMG9DE::21,Microsoft Edge | Microsoft Word | OpenWith,3,1,0,0,1,0,OpenWith,1,4,2
ses_20260701-181413-LAPTOP-76QMG9DE::22,Microsoft Edge | Microsoft Word | OpenWith,3,1,0,0,1,0,OpenWith,0,8,2
ses_20260701-181413-LAPTOP-76QMG9DE::23,Microsoft Edge,1,0,0,0,1,0,,0,1,1
ses_20260701-181413-LAPTOP-76QMG9DE::24,Microsoft Edge | Microsoft Word,2,1,0,0,1,0,,1,11,3
ses_20260701-181413-LAPTOP-76QMG9DE::25,Microsoft Edge | Microsoft Word | OpenWith,3,1,0,0,1,0,OpenWith,0,7,3
ses_20260701-181413-LAPTOP-76QMG9DE::26,Microsoft Edge | Microsoft Word,2,1,0,0,1,0,,0,3,1
ses_20260701-181413-LAPTOP-76QMG9DE::27,Microsoft Edge,1,0,0,0,1,0,,0,2,0
ses_20260701-181413-LAPTOP-76QMG9DE::28,Microsoft Edge,1,0,0,0,1,0,,0,6,2
ses_20260701-181413-LAPTOP-76QMG9DE::29,Microsoft Edge,1,0,0,0,1,0,,0,7,3
ses_20260701-181413-LAPTOP-76QMG9DE::3,Microsoft Edge,1,0,0,0,1,0,,0,5,1
ses_20260701-181413-LAPTOP-76QMG9DE::30,Microsoft Edge | Microsoft Word,2,1,0,0,1,0,,1,6,2
ses_20260701-181413-LAPTOP-76QMG9DE::31,Microsoft Edge | Microsoft Word,2,1,0,0,1,0,,0,3,1
ses_20260701-181413-LAPTOP-76QMG9DE::32,Microsoft Edge | Microsoft Word,2,1,0,0,1,0,,0,3,1
ses_20260701-181413-LAPTOP-76QMG9DE::33,Microsoft Edge,1,0,0,0,1,0,,0,1,0
ses_20260701-181413-LAPTOP-76QMG9DE::34,Microsoft Edge,1,0,0,0,1,0,,1,5,1
ses_20260701-181413-LAPTOP-76QMG9DE::35,Microsoft Edge,1,0,0,0,1,0,,0,3,1
ses_20260701-181413-LAPTOP-76QMG9DE::36,Microsoft Edge,1,0,0,0,1,0,,0,3,1
ses_20260701-181413-LAPTOP-76QMG9DE::37,Microsoft Edge | Microsoft Word | OpenWith,3,1,0,0,1,0,OpenWith,0,7,3
ses_20260701-181413-LAPTOP-76QMG9DE::38,Microsoft Edge | Microsoft Word | OpenWith,3,1,0,0,1,0,OpenWith,0,5,1
ses_20260701-181413-LAPTOP-76QMG9DE::39,Microsoft Edge | Microsoft Word | ProcMine Agent | Windows Explorer | Windows Terminal,5,1,0,0,1,0,,3,1,1
ses_20260701-181413-LAPTOP-76QMG9DE::4,Microsoft Edge,1,0,0,0,1,0,,0,1,1
ses_20260701-181413-LAPTOP-76QMG9DE::5,Microsoft Edge,1,0,0,0,1,0,,0,12,4
ses_20260701-181413-LAPTOP-76QMG9DE::6,Microsoft Edge,1,0,0,0,1,0,,1,2,0
ses_20260701-181413-LAPTOP-76QMG9DE::7,Microsoft Edge | Notepad,2,0,0,1,1,0,,0,3,1
ses_20260701-181413-LAPTOP-76QMG9DE::8,Microsoft Edge,1,0,0,0,1,0,,0,1,1
ses_20260701-181413-LAPTOP-76QMG9DE::9,Microsoft Edge | Microsoft Word,2,1,0,0,1,0,,0,3,1
ses_20260701-181913-SIDDHIGUPTAB00B::1,Microsoft Edge | Microsoft Teams | Notepad,3,0,0,1,1,1,,3,0,0
ses_20260701-181913-SIDDHIGUPTAB00B::10,Microsoft Edge,1,0,0,0,1,0,,0,3,1
ses_20260701-181913-SIDDHIGUPTAB00B::11,Microsoft Edge,1,0,0,0,1,0,,0,6,2
ses_20260701-181913-SIDDHIGUPTAB00B::12,Microsoft Edge,1,0,0,0,1,0,,0,1,1
ses_20260701-181913-SIDDHIGUPTAB00B::13,Microsoft Edge,1,0,0,0,1,0,,0,2,0
ses_20260701-181913-SIDDHIGUPTAB00B::14,Microsoft Edge | Windows Explorer,2,0,0,0,1,0,,0,5,1
ses_20260701-181913-SIDDHIGUPTAB00B::15,Microsoft Edge | Microsoft Word,2,1,0,0,1,0,,0,4,0
ses_20260701-181913-SIDDHIGUPTAB00B::16,Microsoft Edge | Microsoft Word,2,1,0,0,1,0,,0,4,0
ses_20260701-181913-SIDDHIGUPTAB00B::17,Microsoft Edge | Microsoft Excel | Microsoft Word,3,1,1,0,1,0,,0,23,1
ses_20260701-181913-SIDDHIGUPTAB00B::18,Microsoft Edge | Microsoft Word,2,1,0,0,1,0,,0,8,2
ses_20260701-181913-SIDDHIGUPTAB00B::19,Microsoft Edge | Windows Explorer,2,0,0,0,1,0,,0,1,1
ses_20260701-181913-SIDDHIGUPTAB00B::2,Microsoft Edge,1,0,0,0,1,0,,1,1,0
ses_20260701-181913-SIDDHIGUPTAB00B::20,Microsoft Edge | Windows Explorer,2,0,0,0,1,0,,1,10,0
ses_20260701-181913-SIDDHIGUPTAB00B::21,Microsoft Edge,1,0,0,0,1,0,,1,5,1
ses_20260701-181913-SIDDHIGUPTAB00B::22,Microsoft Edge | Microsoft Word,2,1,0,0,1,0,,0,6,2
ses_20260701-181913-SIDDHIGUPTAB00B::23,Microsoft Edge | Microsoft Word | ProcMine Agent,3,1,0,0,1,0,,3,1,1
ses_20260701-181913-SIDDHIGUPTAB00B::3,Microsoft Edge | Microsoft Excel | Microsoft Word,3,1,1,0,1,0,,1,6,2
ses_20260701-181913-SIDDHIGUPTAB00B::4,Microsoft Edge | Microsoft Word,2,1,0,0,1,0,,0,3,1
ses_20260701-181913-SIDDHIGUPTAB00B::5,Microsoft Edge | Microsoft Word,2,1,0,0,1,0,,0,6,2
ses_20260701-181913-SIDDHIGUPTAB00B::6,Microsoft Edge | Microsoft Word,2,1,0,0,1,0,,1,0,0
ses_20260701-181913-SIDDHIGUPTAB00B::7,Microsoft Edge | Microsoft Word,2,1,0,0,1,0,,1,3,0
ses_20260701-181913-SIDDHIGUPTAB00B::8,Microsoft Edge,1,0,0,0,1,0,,0,10,4
ses_20260701-181913-SIDDHIGUPTAB00B::9,Microsoft Edge,1,0,0,0,1,0,,0,11,3
ses_20260701-182634-NEELA9BAF::1,Microsoft Edge | Microsoft Teams | Notepad,3,0,0,1,1,1,,4,6,2
ses_20260701-182634-NEELA9BAF::10,Microsoft Edge | Microsoft Excel | Microsoft Word,3,1,1,0,1,0,,1,2,1
ses_20260701-182634-NEELA9BAF::11,Microsoft Edge | Microsoft Word,2,1,0,0,1,0,,0,10,3
ses_20260701-182634-NEELA9BAF::12,Microsoft Edge | Microsoft Excel | Microsoft Word,3,1,1,0,1,0,,0,0,0
ses_20260701-182634-NEELA9BAF::13,Microsoft Edge | Microsoft Word,2,1,0,0,1,0,,0,0,0
ses_20260701-182634-NEELA9BAF::14,Microsoft Edge,1,0,0,0,1,0,,1,11,3
ses_20260701-182634-NEELA9BAF::15,Microsoft Edge | Microsoft Word | Windows Explorer,3,1,0,0,1,0,,0,7,3
ses_20260701-182634-NEELA9BAF::16,Microsoft Edge | Microsoft Word,2,1,0,0,1,0,,0,6,2
ses_20260701-182634-NEELA9BAF::17,Microsoft Edge,1,0,0,0,1,0,,0,5,1
ses_20260701-182634-NEELA9BAF::18,Microsoft Edge | prl_cc,2,0,0,0,1,0,prl_cc,0,8,2
ses_20260701-182634-NEELA9BAF::19,Microsoft Edge | Microsoft Word,2,1,0,0,1,0,,1,3,1
ses_20260701-182634-NEELA9BAF::2,Microsoft Edge | Microsoft Word,2,1,0,0,1,0,,0,3,1
ses_20260701-182634-NEELA9BAF::20,Microsoft Edge | Microsoft Word,2,1,0,0,1,0,,0,3,1
ses_20260701-182634-NEELA9BAF::21,Microsoft Edge | Microsoft Word,2,1,0,0,1,0,,0,5,1
ses_20260701-182634-NEELA9BAF::22,Microsoft Edge,1,0,0,0,1,0,,0,1,1
ses_20260701-182634-NEELA9BAF::23,Microsoft Edge,1,0,0,0,1,0,,1,5,1
ses_20260701-182634-NEELA9BAF::24,Microsoft Edge,1,0,0,0,1,0,,0,6,2
ses_20260701-182634-NEELA9BAF::25,Microsoft Edge,1,0,0,0,1,0,,0,1,1
ses_20260701-182634-NEELA9BAF::26,Microsoft Edge,1,0,0,0,1,0,,1,5,1
ses_20260701-182634-NEELA9BAF::27,Microsoft Edge,1,0,0,0,1,0,,0,3,1
ses_20260701-182634-NEELA9BAF::28,Microsoft Edge | Microsoft Word | Notepad | Windows Terminal,4,1,0,1,1,0,,3,4,2
ses_20260701-182634-NEELA9BAF::3,Microsoft Edge,1,0,0,0,1,0,,0,5,1
ses_20260701-182634-NEELA9BAF::4,Microsoft Edge,1,0,0,0,1,0,,0,1,1
ses_20260701-182634-NEELA9BAF::5,Microsoft Edge | Microsoft Word,2,1,0,0,1,0,,0,1,0
ses_20260701-182634-NEELA9BAF::6,Microsoft Edge | Microsoft Word,2,1,0,0,1,0,,0,2,1
ses_20260701-182634-NEELA9BAF::7,Microsoft Edge | Microsoft Word,2,1,0,0,1,0,,0,3,1
ses_20260701-182634-NEELA9BAF::8,Microsoft Edge | Microsoft Word | prl_cc,3,1,0,0,1,0,prl_cc,1,3,0
ses_20260701-182634-NEELA9BAF::9,Microsoft Edge,1,0,0,0,1,0,,0,3,1
ses_20260701-183232-LAPTOP-76QMG9DE::1,Microsoft Edge | Notepad,2,0,0,1,1,0,,4,2,0
ses_20260701-183232-LAPTOP-76QMG9DE::10,Microsoft Edge,1,0,0,0,1,0,,1,5,1
ses_20260701-183232-LAPTOP-76QMG9DE::11,Microsoft Edge | Microsoft Word,2,1,0,0,1,0,,1,1,1
ses_20260701-183232-LAPTOP-76QMG9DE::12,Microsoft Edge | Microsoft Word,2,1,0,0,1,0,,0,9,3
ses_20260701-183232-LAPTOP-76QMG9DE::13,Microsoft Edge,1,0,0,0,1,0,,1,5,1
ses_20260701-183232-LAPTOP-76QMG9DE::14,Microsoft Edge | Notepad,2,0,0,1,1,0,,0,6,2
ses_20260701-183232-LAPTOP-76QMG9DE::15,Microsoft Edge,1,0,0,0,1,0,,0,6,2
ses_20260701-183232-LAPTOP-76QMG9DE::16,Microsoft Edge | Microsoft Word,2,1,0,0,1,0,,0,3,1
ses_20260701-183232-LAPTOP-76QMG9DE::17,Microsoft Edge | Microsoft Word,2,1,0,0,1,0,,0,4,1
ses_20260701-183232-LAPTOP-76QMG9DE::18,Microsoft Edge,1,0,0,0,1,0,,0,1,1
ses_20260701-183232-LAPTOP-76QMG9DE::19,Microsoft Edge | Microsoft Word,2,1,0,0,1,0,,0,5,1
ses_20260701-183232-LAPTOP-76QMG9DE::2,Microsoft Edge,1,0,0,0,1,0,,0,3,0
ses_20260701-183232-LAPTOP-76QMG9DE::20,Microsoft Edge,1,0,0,0,1,0,,0,4,2
ses_20260701-183232-LAPTOP-76QMG9DE::21,Microsoft Edge | Microsoft Word,2,1,0,0,1,0,,0,1,0
ses_20260701-183232-LAPTOP-76QMG9DE::22,Microsoft Edge | Microsoft Word | ProcMine Agent | Windows Explorer | Windows Terminal,5,1,0,0,1,0,,3,2,1
ses_20260701-183232-LAPTOP-76QMG9DE::3,Microsoft Edge | Notepad,2,0,0,1,1,0,,0,1,1
ses_20260701-183232-LAPTOP-76QMG9DE::4,Microsoft Edge | Notepad,2,0,0,1,1,0,,1,6,2
ses_20260701-183232-LAPTOP-76QMG9DE::5,Microsoft Edge,1,0,0,0,1,0,,0,5,1
ses_20260701-183232-LAPTOP-76QMG9DE::6,Microsoft Edge | Notepad | Windows Explorer | Windows Terminal,4,0,0,1,1,0,,0,9,3
ses_20260701-183232-LAPTOP-76QMG9DE::7,Microsoft Edge,1,0,0,0,1,0,,0,9,3
ses_20260701-183232-LAPTOP-76QMG9DE::8,Microsoft Edge,1,0,0,0,1,0,,0,7,3
ses_20260701-183232-LAPTOP-76QMG9DE::9,Microsoft Edge,1,0,0,0,1,0,,0,6,2
ses_20260701-184201-LAPTOP-76QMG9DE::1,Microsoft Edge | Microsoft Teams | Microsoft Word | Notepad,4,1,0,1,1,1,,4,2,0
ses_20260701-184201-LAPTOP-76QMG9DE::10,Microsoft Edge | Microsoft Word,2,1,0,0,1,0,,0,3,1
ses_20260701-184201-LAPTOP-76QMG9DE::11,Microsoft Edge | Microsoft Word,2,1,0,0,1,0,,0,4,2
ses_20260701-184201-LAPTOP-76QMG9DE::12,Microsoft Edge,1,0,0,0,1,0,,0,2,0
ses_20260701-184201-LAPTOP-76QMG9DE::13,Microsoft Edge | Microsoft Word,2,1,0,0,1,0,,1,3,1
ses_20260701-184201-LAPTOP-76QMG9DE::14,Microsoft Edge | Microsoft Word,2,1,0,0,1,0,,0,3,1
ses_20260701-184201-LAPTOP-76QMG9DE::15,Microsoft Edge | Microsoft Word,2,1,0,0,1,0,,0,4,2
ses_20260701-184201-LAPTOP-76QMG9DE::16,Microsoft Edge | Microsoft Word,2,1,0,0,1,0,,0,3,1
ses_20260701-184201-LAPTOP-76QMG9DE::17,Microsoft Edge,1,0,0,0,1,0,,1,2,0
ses_20260701-184201-LAPTOP-76QMG9DE::18,Microsoft Edge | Microsoft Word,2,1,0,0,1,0,,0,9,3
ses_20260701-184201-LAPTOP-76QMG9DE::19,Microsoft Edge | Microsoft Word,2,1,0,0,1,0,,1,6,2
ses_20260701-184201-LAPTOP-76QMG9DE::2,Microsoft Edge | Microsoft Word,2,1,0,0,1,0,,0,10,3
ses_20260701-184201-LAPTOP-76QMG9DE::20,Microsoft Edge | Microsoft Word,2,1,0,0,1,0,,0,3,1
ses_20260701-184201-LAPTOP-76QMG9DE::21,Microsoft Edge | Microsoft Word,2,1,0,0,1,0,,0,3,1
ses_20260701-184201-LAPTOP-76QMG9DE::22,Microsoft Edge,1,0,0,0,1,0,,0,1,1
ses_20260701-184201-LAPTOP-76QMG9DE::23,Microsoft Edge,1,0,0,0,1,0,,1,3,1
ses_20260701-184201-LAPTOP-76QMG9DE::24,Microsoft Edge | Microsoft Word,2,1,0,0,1,0,,0,3,1
ses_20260701-184201-LAPTOP-76QMG9DE::25,Microsoft Edge | Microsoft Word,2,1,0,0,1,0,,0,6,2
ses_20260701-184201-LAPTOP-76QMG9DE::26,Microsoft Edge,1,0,0,0,1,0,,1,2,0
ses_20260701-184201-LAPTOP-76QMG9DE::27,Microsoft Edge,1,0,0,0,1,0,,0,3,1
ses_20260701-184201-LAPTOP-76QMG9DE::28,Microsoft Edge | Notepad,2,0,0,1,1,0,,0,3,1
ses_20260701-184201-LAPTOP-76QMG9DE::29,Microsoft Edge,1,0,0,0,1,0,,0,4,2
ses_20260701-184201-LAPTOP-76QMG9DE::3,Microsoft Edge | Microsoft Word,2,1,0,0,1,0,,0,3,1
ses_20260701-184201-LAPTOP-76QMG9DE::30,Microsoft Edge,1,0,0,0,1,0,,1,5,1
ses_20260701-184201-LAPTOP-76QMG9DE::31,Microsoft Edge | Microsoft Word,2,1,0,0,1,0,,0,3,1
ses_20260701-184201-LAPTOP-76QMG9DE::32,Microsoft Edge | Microsoft Word,2,1,0,0,1,0,,0,3,1
ses_20260701-184201-LAPTOP-76QMG9DE::33,Microsoft Edge | Microsoft Word,2,1,0,0,1,0,,1,4,2
ses_20260701-184201-LAPTOP-76QMG9DE::34,Microsoft Edge,1,0,0,0,1,0,,0,2,0
ses_20260701-184201-LAPTOP-76QMG9DE::35,Microsoft Edge | Microsoft Word,2,1,0,0,1,0,,0,7,3
ses_20260701-184201-LAPTOP-76QMG9DE::36,Microsoft Edge | Microsoft Word,2,1,0,0,1,0,,1,3,1
ses_20260701-184201-LAPTOP-76QMG9DE::37,Microsoft Edge | Microsoft Word,2,1,0,0,1,0,,0,3,1
ses_20260701-184201-LAPTOP-76QMG9DE::38,Microsoft Edge | Microsoft Word,2,1,0,0,1,0,,0,5,1
ses_20260701-184201-LAPTOP-76QMG9DE::39,Microsoft Edge | Microsoft Word,2,1,0,0,1,0,,1,7,3
ses_20260701-184201-LAPTOP-76QMG9DE::4,Microsoft Edge | Microsoft Word,2,1,0,0,1,0,,0,9,3
ses_20260701-184201-LAPTOP-76QMG9DE::40,Microsoft Edge,1,0,0,0,1,0,,0,3,1
ses_20260701-184201-LAPTOP-76QMG9DE::41,Microsoft Edge | Microsoft Word | ProcMine Agent | Windows Explorer | Windows Terminal,5,1,0,0,1,0,,3,3,1
ses_20260701-184201-LAPTOP-76QMG9DE::5,Microsoft Edge | Microsoft Word,2,1,0,0,1,0,,0,6,2
ses_20260701-184201-LAPTOP-76QMG9DE::6,Microsoft Edge | Microsoft Word,2,1,0,0,1,0,,0,2,0
ses_20260701-184201-LAPTOP-76QMG9DE::7,Microsoft Edge | Microsoft Word,2,1,0,0,1,0,,0,3,2
ses_20260701-184201-LAPTOP-76QMG9DE::8,Microsoft Edge | Microsoft Word | Windows Explorer,3,1,0,0,1,0,,1,2,0
ses_20260701-184201-LAPTOP-76QMG9DE::9,Microsoft Edge | Windows Explorer,2,0,0,0,1,0,,1,2,0
ses_20260701-190250-NEELA9BAF::1,Microsoft Edge | Microsoft Teams,2,0,0,0,1,1,,3,0,0
ses_20260701-190250-NEELA9BAF::10,Microsoft Edge,1,0,0,0,1,0,,0,2,0
ses_20260701-190250-NEELA9BAF::11,Microsoft Edge | Notepad,2,0,0,1,1,0,,0,7,3
ses_20260701-190250-NEELA9BAF::12,Microsoft Edge | Microsoft Excel | Microsoft Word,3,1,1,0,1,0,,0,6,2
ses_20260701-190250-NEELA9BAF::13,Microsoft Edge,1,0,0,0,1,0,,0,1,0
ses_20260701-190250-NEELA9BAF::14,Microsoft Edge | Microsoft Excel | Microsoft Word,3,1,1,0,1,0,,0,5,2
ses_20260701-190250-NEELA9BAF::15,Microsoft Edge | Microsoft Word | Windows Explorer,3,1,0,0,1,0,,0,4,1
ses_20260701-190250-NEELA9BAF::16,Microsoft Edge,1,0,0,0,1,0,,0,3,1
ses_20260701-190250-NEELA9BAF::17,Microsoft Edge,1,0,0,0,1,0,,0,2,0
ses_20260701-190250-NEELA9BAF::18,Microsoft Edge | Notepad,2,0,0,1,1,0,,0,3,1
ses_20260701-190250-NEELA9BAF::19,Microsoft Edge | Microsoft Word,2,1,0,0,1,0,,1,6,2
ses_20260701-190250-NEELA9BAF::2,Microsoft Edge | Microsoft Excel | Microsoft Word,3,1,1,0,1,0,,1,6,1
ses_20260701-190250-NEELA9BAF::20,Microsoft Edge,1,0,0,0,1,0,,0,1,1
ses_20260701-190250-NEELA9BAF::21,Microsoft Edge,1,0,0,0,1,0,,1,2,0
ses_20260701-190250-NEELA9BAF::22,Microsoft Edge | Microsoft Word,2,1,0,0,1,0,,0,4,2
ses_20260701-190250-NEELA9BAF::23,Microsoft Edge,1,0,0,0,1,0,,0,3,1
ses_20260701-190250-NEELA9BAF::24,Microsoft Edge | Microsoft Word,2,1,0,0,1,0,,0,3,1
ses_20260701-190250-NEELA9BAF::25,Microsoft Edge,1,0,0,0,1,0,,1,4,1
ses_20260701-190250-NEELA9BAF::26,Microsoft Edge | Microsoft Word,2,1,0,0,1,0,,0,4,2
ses_20260701-190250-NEELA9BAF::27,Microsoft Edge | Notepad,2,0,0,1,1,0,,0,3,0
ses_20260701-190250-NEELA9BAF::28,Microsoft Edge,1,0,0,0,1,0,,1,4,2
ses_20260701-190250-NEELA9BAF::29,Microsoft Edge | Notepad,2,0,0,1,1,0,,0,2,0
ses_20260701-190250-NEELA9BAF::3,Microsoft Edge,1,0,0,0,1,0,,0,3,1
ses_20260701-190250-NEELA9BAF::30,Microsoft Edge,1,0,0,0,1,0,,0,3,1
ses_20260701-190250-NEELA9BAF::31,Microsoft Edge | Notepad,2,0,0,1,1,0,,0,4,2
ses_20260701-190250-NEELA9BAF::32,Microsoft Edge | Microsoft Word,2,1,0,0,1,0,,0,5,1
ses_20260701-190250-NEELA9BAF::33,Microsoft Edge | Microsoft Word,2,1,0,0,1,0,,0,3,1
ses_20260701-190250-NEELA9BAF::34,Microsoft Edge | Microsoft Word | Windows Terminal,3,1,0,0,1,0,,3,4,2
ses_20260701-190250-NEELA9BAF::4,Microsoft Edge | Microsoft Word,2,1,0,0,1,0,,0,3,1
ses_20260701-190250-NEELA9BAF::5,Microsoft Edge,1,0,0,0,1,0,,0,3,1
ses_20260701-190250-NEELA9BAF::6,Microsoft Edge | Microsoft Word,2,1,0,0,1,0,,0,3,1
ses_20260701-190250-NEELA9BAF::7,Microsoft Edge | Microsoft Word,2,1,0,0,1,0,,0,3,1
ses_20260701-190250-NEELA9BAF::8,Microsoft Edge | Microsoft Word,2,1,0,0,1,0,,0,3,1
ses_20260701-190250-NEELA9BAF::9,Microsoft Edge,1,0,0,0,1,0,,1,3,1
ses_20260701-191537-LAPTOP-76QMG9DE::1,Microsoft Edge | Notepad,2,0,0,1,1,0,,5,0,0
ses_20260701-191537-LAPTOP-76QMG9DE::10,Microsoft Edge | Microsoft Word,2,1,0,0,1,0,,0,3,2
ses_20260701-191537-LAPTOP-76QMG9DE::11,Microsoft Edge | Microsoft Word,2,1,0,0,1,0,,1,4,1
ses_20260701-191537-LAPTOP-76QMG9DE::12,Microsoft Edge,1,0,0,0,1,0,,0,2,0
ses_20260701-191537-LAPTOP-76QMG9DE::13,Microsoft Edge | Notepad,2,0,0,1,1,0,,0,6,2
ses_20260701-191537-LAPTOP-76QMG9DE::14,Microsoft Edge,1,0,0,0,1,0,,0,1,1
ses_20260701-191537-LAPTOP-76QMG9DE::15,Microsoft Edge | Microsoft Word,2,1,0,0,1,0,,1,3,1
ses_20260701-191537-LAPTOP-76QMG9DE::16,Microsoft Edge,1,0,0,0,1,0,,0,2,0
ses_20260701-191537-LAPTOP-76QMG9DE::17,Microsoft Edge,1,0,0,0,1,0,,0,1,1
ses_20260701-191537-LAPTOP-76QMG9DE::18,Microsoft Edge | Microsoft Word,2,1,0,0,1,0,,0,1,0
ses_20260701-191537-LAPTOP-76QMG9DE::19,Microsoft Edge | Microsoft Word,2,1,0,0,1,0,,0,4,1
ses_20260701-191537-LAPTOP-76QMG9DE::2,Microsoft Edge,1,0,0,0,1,0,,1,4,0
ses_20260701-191537-LAPTOP-76QMG9DE::20,Microsoft Edge,1,0,0,0,1,0,,0,3,1
ses_20260701-191537-LAPTOP-76QMG9DE::21,Microsoft Edge,1,0,0,0,1,0,,0,9,3
ses_20260701-191537-LAPTOP-76QMG9DE::22,Microsoft Edge | OpenWith,2,0,0,0,1,0,OpenWith,0,1,1
ses_20260701-191537-LAPTOP-76QMG9DE::23,Microsoft Edge,1,0,0,0,1,0,,0,0,0
ses_20260701-191537-LAPTOP-76QMG9DE::24,Microsoft Edge | OpenWith,2,0,0,0,1,0,OpenWith,0,0,0
ses_20260701-191537-LAPTOP-76QMG9DE::25,Microsoft Edge,1,0,0,0,1,0,,0,0,0
ses_20260701-191537-LAPTOP-76QMG9DE::26,Microsoft Edge,1,0,0,0,1,0,,0,2,0
ses_20260701-191537-LAPTOP-76QMG9DE::27,Microsoft Edge | Notepad,2,0,0,1,1,0,,0,3,1
ses_20260701-191537-LAPTOP-76QMG9DE::28,Microsoft Edge,1,0,0,0,1,0,,0,1,1
ses_20260701-191537-LAPTOP-76QMG9DE::29,Microsoft Edge,1,0,0,0,1,0,,0,5,1
ses_20260701-191537-LAPTOP-76QMG9DE::3,Microsoft Edge | Microsoft Word,2,1,0,0,1,0,,1,8,2
ses_20260701-191537-LAPTOP-76QMG9DE::30,Microsoft Edge,1,0,0,0,1,0,,0,1,1
ses_20260701-191537-LAPTOP-76QMG9DE::31,Microsoft Edge,1,0,0,0,1,0,,1,3,1
ses_20260701-191537-LAPTOP-76QMG9DE::32,Microsoft Edge | Microsoft Word,2,1,0,0,1,0,,0,8,2
ses_20260701-191537-LAPTOP-76QMG9DE::33,Microsoft Edge | Microsoft Teams | Microsoft Word,3,1,0,0,1,1,,0,1,1
ses_20260701-191537-LAPTOP-76QMG9DE::34,Microsoft Edge | Microsoft Teams,2,0,0,0,1,1,,1,6,2
ses_20260701-191537-LAPTOP-76QMG9DE::35,Microsoft Edge | Notepad,2,0,0,1,1,0,,0,2,0
ses_20260701-191537-LAPTOP-76QMG9DE::36,Microsoft Edge,1,0,0,0,1,0,,0,3,1
ses_20260701-191537-LAPTOP-76QMG9DE::37,Microsoft Edge | OpenWith,2,0,0,0,1,0,OpenWith,0,1,1
ses_20260701-191537-LAPTOP-76QMG9DE::38,Microsoft Edge | Notepad | OpenWith | ProcMine Agent | Windows Explorer,5,0,0,1,1,0,OpenWith,2,0,0
ses_20260701-191537-LAPTOP-76QMG9DE::4,Microsoft Edge | Notepad,2,0,0,1,1,0,,0,3,1
ses_20260701-191537-LAPTOP-76QMG9DE::5,Microsoft Edge,1,0,0,0,1,0,,0,3,1
ses_20260701-191537-LAPTOP-76QMG9DE::6,Microsoft Edge | Microsoft Teams | Notepad,3,0,0,1,1,1,,0,13,5
ses_20260701-191537-LAPTOP-76QMG9DE::7,Microsoft Edge | Microsoft Word,2,1,0,0,1,0,,1,3,1
ses_20260701-191537-LAPTOP-76QMG9DE::8,Microsoft Edge | Microsoft Word,2,1,0,0,1,0,,0,3,1
ses_20260701-191537-LAPTOP-76QMG9DE::9,Microsoft Edge,1,0,0,0,1,0,,0,2,0
ses_20260701-192455-NEELA9BAF::1,Microsoft Edge | Microsoft Teams,2,0,0,0,1,1,,0,0,0
ses_20260701-192455-NEELA9BAF::10,Microsoft Edge,1,0,0,0,1,0,,0,0,0
ses_20260701-192455-NEELA9BAF::11,Microsoft Edge,1,0,0,0,1,0,,0,0,0
ses_20260701-192455-NEELA9BAF::12,Microsoft Edge | Microsoft Word | Windows Explorer,3,1,0,0,1,0,,0,0,0
ses_20260701-192455-NEELA9BAF::13,Microsoft Edge | Notepad,2,0,0,1,1,0,,0,0,0
ses_20260701-192455-NEELA9BAF::14,Microsoft Edge,1,0,0,0,1,0,,0,0,0
ses_20260701-192455-NEELA9BAF::15,Microsoft Edge,1,0,0,0,1,0,,0,0,0
ses_20260701-192455-NEELA9BAF::16,Microsoft Edge,1,0,0,0,1,0,,0,0,0
ses_20260701-192455-NEELA9BAF::17,Microsoft Edge,1,0,0,0,1,0,,0,0,0
ses_20260701-192455-NEELA9BAF::18,Microsoft Edge,1,0,0,0,1,0,,0,0,0
ses_20260701-192455-NEELA9BAF::19,Microsoft Edge,1,0,0,0,1,0,,0,0,0
ses_20260701-192455-NEELA9BAF::2,Microsoft Edge,1,0,0,0,1,0,,0,0,0
ses_20260701-192455-NEELA9BAF::20,Microsoft Edge,1,0,0,0,1,0,,0,0,0
ses_20260701-192455-NEELA9BAF::21,Microsoft Edge | Notepad,2,0,0,1,1,0,,0,0,0
ses_20260701-192455-NEELA9BAF::22,Microsoft Edge,1,0,0,0,1,0,,0,0,0
ses_20260701-192455-NEELA9BAF::23,Microsoft Edge,1,0,0,0,1,0,,0,0,0
ses_20260701-192455-NEELA9BAF::24,Microsoft Edge,1,0,0,0,1,0,,0,0,0
ses_20260701-192455-NEELA9BAF::25,Microsoft Edge,1,0,0,0,1,0,,0,0,0
ses_20260701-192455-NEELA9BAF::26,Microsoft Edge,1,0,0,0,1,0,,0,0,0
ses_20260701-192455-NEELA9BAF::27,Microsoft Edge | Microsoft Word,2,1,0,0,1,0,,0,0,0
ses_20260701-192455-NEELA9BAF::28,Microsoft Edge,1,0,0,0,1,0,,0,0,0
ses_20260701-192455-NEELA9BAF::29,Microsoft Edge | Notepad,2,0,0,1,1,0,,0,0,0
ses_20260701-192455-NEELA9BAF::3,Microsoft Edge,1,0,0,0,1,0,,0,0,0
ses_20260701-192455-NEELA9BAF::30,Microsoft Edge | Microsoft Word,2,1,0,0,1,0,,0,0,0
ses_20260701-192455-NEELA9BAF::31,Microsoft Edge,1,0,0,0,1,0,,0,0,0
ses_20260701-192455-NEELA9BAF::32,Microsoft Edge,1,0,0,0,1,0,,0,0,0
ses_20260701-192455-NEELA9BAF::33,Microsoft Edge | Microsoft Word,2,1,0,0,1,0,,0,0,0
ses_20260701-192455-NEELA9BAF::34,Microsoft Edge,1,0,0,0,1,0,,0,0,0
ses_20260701-192455-NEELA9BAF::35,Microsoft Edge,1,0,0,0,1,0,,0,0,0
ses_20260701-192455-NEELA9BAF::36,Microsoft Edge,1,0,0,0,1,0,,0,0,0
ses_20260701-192455-NEELA9BAF::37,Microsoft Edge,1,0,0,0,1,0,,0,0,0
ses_20260701-192455-NEELA9BAF::38,Microsoft Edge | Microsoft Excel,2,0,1,0,1,0,,0,0,0
ses_20260701-192455-NEELA9BAF::39,Microsoft Edge | Microsoft Excel | Microsoft Word,3,1,1,0,1,0,,0,0,0
ses_20260701-192455-NEELA9BAF::4,Microsoft Edge,1,0,0,0,1,0,,0,0,0
ses_20260701-192455-NEELA9BAF::40,Microsoft Edge | Microsoft Word,2,1,0,0,1,0,,0,0,0
ses_20260701-192455-NEELA9BAF::41,Microsoft Edge,1,0,0,0,1,0,,0,0,0
ses_20260701-192455-NEELA9BAF::42,Microsoft Edge,1,0,0,0,1,0,,0,0,0
ses_20260701-192455-NEELA9BAF::43,Microsoft Edge | Notepad | Windows Terminal,3,0,0,1,1,0,,0,0,0
ses_20260701-192455-NEELA9BAF::5,Microsoft Edge,1,0,0,0,1,0,,0,0,0
ses_20260701-192455-NEELA9BAF::6,Microsoft Edge,1,0,0,0,1,0,,0,0,0
ses_20260701-192455-NEELA9BAF::7,Microsoft Edge,1,0,0,0,1,0,,0,0,0
ses_20260701-192455-NEELA9BAF::8,Microsoft Edge,1,0,0,0,1,0,,0,0,0
ses_20260701-192455-NEELA9BAF::9,Microsoft Edge,1,0,0,0,1,0,,0,0,0
