family,candidate,candidate_type,all_540_family_segments,family_time_share_pct,mechanical_evidence_pct,decision_point_evidence_pct,clipboard_segment_pct,browser_interaction_pct,exact_active_browser_pct,exact_active_word_pct,exact_active_excel_pct,exact_active_notepad_pct,distinct_exact_active_apps,mean_exact_active_app_count,system_access,ui_stability,systems_and_documents,observed_branch_variation,missing_information,potential_production_failures,governance_security,route_evidence,route_status,dom_status,key_fields,actions_status,document_pattern,handling_variants,automation_fit,human_judgment_risk,cross_application_risk,ui_selector_risk,data_governance_risk,overall_feasibility,risk_points,recommendation,observed_facts,interpretations,unknowns
pi,pi_family_level_workflow,FAMILY_LEVEL,209,35.78096898191564,100.0,34.44976076555024,88.03827751196172,89.95215311004785,100.0,29.665071770334926,5.741626794258373,15.311004784688995,Microsoft Edge | Microsoft Excel | Microsoft Teams | Microsoft Word | Notepad | OpenWith | ProcMine Agent | Windows Explorer | Windows Terminal | prl_cc,1.6555023923444976,"Browser-based target interaction is observed. Production API availability, authentication method, permissions, and integration interfaces are UNKNOWN.",Family-specific DOM identifiers are observed for pi; production selector stability is UNKNOWN.,Frequent clipboard activity; cross-system/data-transfer work is strongly evidenced.,Multiple application-handling patterns observed,business-rule logic behind decisions | production authentication/credential model | production API/integration availability | exception criteria | real production wait times and SLAs,UI/selector changes | expired sessions or authentication failures | unexpected input/case structure | upstream/downstream outage | business-rule changes | document/application state mismatch | copied/transferred data mismatch,"Potentially sensitive employee/payroll/insurance/tax records are involved. Client validation is required for least privilege, credential storage, audit logs, retention, access review, and data-handling policy.",/payroll-items,Observed in Dataset-B browser URLs,Family-specific DOM identifiers are observed for pi; production selector stability is UNKNOWN.,,,,,GOOD_MECHANICAL_FIT_WITH_HUMAN_STEP,HIGH,HIGH,MEDIUM,HIGH,PILOT-FIRST,7,Good candidate for partial automation; retain human decision step; do not automate the decision itself without business-rule evidence,"209 segments in family | 35.8% of Dataset-B segment time | 100.0% of family segments show mechanical activity evidence | 34.4% show contextual decision-point evidence | 88.0% show clipboard activity | 100.0% contain Microsoft Edge as the exact active app | exact active apps observed: Microsoft Edge, Microsoft Excel, Microsoft Teams, Microsoft Word, Notepad, OpenWith, ProcMine Agent, Windows Explorer, Windows Terminal, prl_cc","Frequent clipboard activity; cross-system/data-transfer work is strongly evidenced. | Multiple application-handling patterns observed | High frequency of repetitive UI/data movement suggests an automation opportunity, but does not establish end-to-end automability.",API/integration availability | production authentication model | business decision rules | exception policy | production UI stability | production governance requirements
la,la_family_level_workflow,FAMILY_LEVEL,99,24.18131315762871,100.0,18.181818181818183,93.93939393939394,92.92929292929291,100.0,49.494949494949495,2.0202020202020203,4.040404040404041,Microsoft Edge | Microsoft Excel | Microsoft Teams | Microsoft Word | Notepad | ProcMine Agent | Windows Explorer | Windows Terminal | prl_cc,1.696969696969697,"Browser-based target interaction is observed. Production API availability, authentication method, permissions, and integration interfaces are UNKNOWN.",Family-specific DOM identifiers are observed for la; production selector stability is UNKNOWN.,Frequent clipboard activity; cross-system/data-transfer work is strongly evidenced.,Multiple application-handling patterns observed,business-rule logic behind decisions | production authentication/credential model | production API/integration availability | exception criteria | real production wait times and SLAs,UI/selector changes | expired sessions or authentication failures | unexpected input/case structure | upstream/downstream outage | business-rule changes | document/application state mismatch | copied/transferred data mismatch,"Business records are involved. Client validation is required for access control, credential storage, auditability, and retention.",/leave-applications,Observed in Dataset-B browser URLs,Family-specific DOM identifiers are observed for la; production selector stability is UNKNOWN.,,,,,STRONG_MECHANICAL_FIT,MEDIUM,HIGH,MEDIUM,MEDIUM,FEASIBLE_WITH_VALIDATION,5,Prioritize for human-in-the-loop automation assessment,"99 segments in family | 24.2% of Dataset-B segment time | 100.0% of family segments show mechanical activity evidence | 18.2% show contextual decision-point evidence | 93.9% show clipboard activity | 100.0% contain Microsoft Edge as the exact active app | exact active apps observed: Microsoft Edge, Microsoft Excel, Microsoft Teams, Microsoft Word, Notepad, ProcMine Agent, Windows Explorer, Windows Terminal, prl_cc","Frequent clipboard activity; cross-system/data-transfer work is strongly evidenced. | Multiple application-handling patterns observed | High frequency of repetitive UI/data movement suggests an automation opportunity, but does not establish end-to-end automability.",API/integration availability | production authentication model | business decision rules | exception policy | production UI stability | production governance requirements
ob,ob_family_level_workflow,FAMILY_LEVEL,77,16.79571049409678,100.0,9.090909090909092,88.31168831168831,93.5064935064935,100.0,67.53246753246754,1.2987012987012987,3.896103896103896,Microsoft Edge | Microsoft Excel | Microsoft Teams | Microsoft Word | Notepad | ProcMine Agent | Windows Explorer | Windows Terminal,1.8311688311688312,"Browser-based target interaction is observed. Production API availability, authentication method, permissions, and integration interfaces are UNKNOWN.",Family-specific DOM identifiers are observed for ob; production selector stability is UNKNOWN.,Frequent clipboard activity; cross-system/data-transfer work is strongly evidenced.,Multiple application-handling patterns observed,business-rule logic behind decisions | production authentication/credential model | production API/integration availability | exception criteria | real production wait times and SLAs,UI/selector changes | expired sessions or authentication failures | unexpected input/case structure | upstream/downstream outage | business-rule changes | document/application state mismatch | copied/transferred data mismatch,"Potentially sensitive employee/payroll/insurance/tax records are involved. Client validation is required for least privilege, credential storage, audit logs, retention, access review, and data-handling policy.",/onboarding,Observed in Dataset-B browser URLs,Family-specific DOM identifiers are observed for ob; production selector stability is UNKNOWN.,,,,,STRONG_MECHANICAL_FIT,LOW-MEDIUM,HIGH,MEDIUM,HIGH,FEASIBLE_WITH_VALIDATION,5,Prioritize for human-in-the-loop automation assessment,"77 segments in family | 16.8% of Dataset-B segment time | 100.0% of family segments show mechanical activity evidence | 9.1% show contextual decision-point evidence | 88.3% show clipboard activity | 100.0% contain Microsoft Edge as the exact active app | exact active apps observed: Microsoft Edge, Microsoft Excel, Microsoft Teams, Microsoft Word, Notepad, ProcMine Agent, Windows Explorer, Windows Terminal","Frequent clipboard activity; cross-system/data-transfer work is strongly evidenced. | Multiple application-handling patterns observed | High frequency of repetitive UI/data movement suggests an automation opportunity, but does not establish end-to-end automability.",API/integration availability | production authentication model | business decision rules | exception policy | production UI stability | production governance requirements
si,si_family_level_workflow,FAMILY_LEVEL,68,11.683335648579156,100.0,17.647058823529413,91.17647058823528,97.05882352941175,100.0,35.294117647058826,7.352941176470589,16.176470588235293,Microsoft Edge | Microsoft Excel | Microsoft Teams | Microsoft Word | Notepad | OpenWith | ProcMine Agent | Windows Explorer | Windows Terminal,1.75,"Browser-based target interaction is observed. Production API availability, authentication method, permissions, and integration interfaces are UNKNOWN.",Family-specific DOM identifiers are observed for si; production selector stability is UNKNOWN.,Frequent clipboard activity; cross-system/data-transfer work is strongly evidenced.,Multiple application-handling patterns observed,business-rule logic behind decisions | production authentication/credential model | production API/integration availability | exception criteria | real production wait times and SLAs,UI/selector changes | expired sessions or authentication failures | unexpected input/case structure | upstream/downstream outage | business-rule changes | document/application state mismatch | copied/transferred data mismatch,"Potentially sensitive employee/payroll/insurance/tax records are involved. Client validation is required for least privilege, credential storage, audit logs, retention, access review, and data-handling policy.",/social-insurance,Observed in Dataset-B browser URLs,Family-specific DOM identifiers are observed for si; production selector stability is UNKNOWN.,,,,,STRONG_MECHANICAL_FIT,MEDIUM,HIGH,MEDIUM,HIGH,FEASIBLE_WITH_VALIDATION,6,Prioritize for human-in-the-loop automation assessment,"68 segments in family | 11.7% of Dataset-B segment time | 100.0% of family segments show mechanical activity evidence | 17.6% show contextual decision-point evidence | 91.2% show clipboard activity | 100.0% contain Microsoft Edge as the exact active app | exact active apps observed: Microsoft Edge, Microsoft Excel, Microsoft Teams, Microsoft Word, Notepad, OpenWith, ProcMine Agent, Windows Explorer, Windows Terminal","Frequent clipboard activity; cross-system/data-transfer work is strongly evidenced. | Multiple application-handling patterns observed | High frequency of repetitive UI/data movement suggests an automation opportunity, but does not establish end-to-end automability.",API/integration availability | production authentication model | business decision rules | exception policy | production UI stability | production governance requirements
rt,rt_family_level_workflow,FAMILY_LEVEL,55,8.607834962090646,100.0,23.63636363636364,85.45454545454545,92.72727272727272,100.0,34.54545454545455,0.0,3.6363636363636362,Microsoft Edge | Microsoft Teams | Microsoft Word | Notepad | ProcMine Agent | Windows Explorer | Windows Terminal | prl_cc,1.6,"Browser-based target interaction is observed. Production API availability, authentication method, permissions, and integration interfaces are UNKNOWN.",Family-specific DOM identifiers are observed for rt; production selector stability is UNKNOWN.,Frequent clipboard activity; cross-system/data-transfer work is strongly evidenced.,Multiple application-handling patterns observed,business-rule logic behind decisions | production authentication/credential model | production API/integration availability | exception criteria | real production wait times and SLAs,UI/selector changes | expired sessions or authentication failures | unexpected input/case structure | upstream/downstream outage | business-rule changes | document/application state mismatch | copied/transferred data mismatch,"Potentially sensitive employee/payroll/insurance/tax records are involved. Client validation is required for least privilege, credential storage, audit logs, retention, access review, and data-handling policy.",/resident-tax,Observed in Dataset-B browser URLs,Family-specific DOM identifiers are observed for rt; production selector stability is UNKNOWN.,,,,,GOOD_MECHANICAL_FIT_WITH_HUMAN_STEP,MEDIUM,HIGH,MEDIUM,HIGH,FEASIBLE_WITH_VALIDATION,6,Good candidate for partial automation; retain human decision step,"55 segments in family | 8.6% of Dataset-B segment time | 100.0% of family segments show mechanical activity evidence | 23.6% show contextual decision-point evidence | 85.5% show clipboard activity | 100.0% contain Microsoft Edge as the exact active app | exact active apps observed: Microsoft Edge, Microsoft Teams, Microsoft Word, Notepad, ProcMine Agent, Windows Explorer, Windows Terminal, prl_cc","Frequent clipboard activity; cross-system/data-transfer work is strongly evidenced. | Multiple application-handling patterns observed | High frequency of repetitive UI/data movement suggests an automation opportunity, but does not establish end-to-end automability.",API/integration availability | production authentication model | business decision rules | exception policy | production UI stability | production governance requirements
other,other_family_level_workflow,FAMILY_LEVEL,32,2.95083675568905,96.875,0.0,6.25,65.625,96.875,15.625,0.0,18.75,Microsoft Edge | Microsoft Teams | Microsoft Word | Notepad | ProcMine Agent | Windows Explorer | Windows Terminal,1.71875,"Browser-based target interaction is observed. Production API availability, authentication method, permissions, and integration interfaces are UNKNOWN.",Family-specific DOM identifiers are observed for other; production selector stability is UNKNOWN.,Clipboard activity is not dominant.,Multiple application-handling patterns observed,business-rule logic behind decisions | production authentication/credential model | production API/integration availability | exception criteria | real production wait times and SLAs,UI/selector changes | expired sessions or authentication failures | unexpected input/case structure | upstream/downstream outage | business-rule changes | document/application state mismatch,"Business records are involved. Client validation is required for access control, credential storage, auditability, and retention.",,Not independently confirmed from the URL inventory,Family-specific DOM identifiers are observed for other; production selector stability is UNKNOWN.,,,,,PARTIAL_AUTOMATION_CANDIDATE,LOW-MEDIUM,HIGH,HIGH / UNKNOWN,MEDIUM,FEASIBLE_WITH_VALIDATION,5,Use targeted automation assistance rather than full automation,"32 segments in family | 3.0% of Dataset-B segment time | 96.9% of family segments show mechanical activity evidence | 0.0% show contextual decision-point evidence | 6.2% show clipboard activity | 96.9% contain Microsoft Edge as the exact active app | exact active apps observed: Microsoft Edge, Microsoft Teams, Microsoft Word, Notepad, ProcMine Agent, Windows Explorer, Windows Terminal","Clipboard activity is not dominant. | Multiple application-handling patterns observed | High frequency of repetitive UI/data movement suggests an automation opportunity, but does not establish end-to-end automability.",API/integration availability | production authentication model | business decision rules | exception policy | production UI stability | production governance requirements
pi,expense_reimbursement,OBSERVED_CASE_TYPE,209,35.78096898191564,100.0,34.44976076555024,88.03827751196172,89.95215311004785,100.0,29.665071770334926,5.741626794258373,15.311004784688995,Microsoft Edge | Microsoft Excel | Microsoft Teams | Microsoft Word | Notepad | OpenWith | ProcMine Agent | Windows Explorer | Windows Terminal | prl_cc,1.6555023923444976,"Browser-based target interaction is observed. Production API availability, authentication method, permissions, and integration interfaces are UNKNOWN.",Family-specific DOM identifiers are observed for pi; production selector stability is UNKNOWN.,Frequent clipboard activity; cross-system/data-transfer work is strongly evidenced.,Multiple application-handling patterns observed,business-rule logic behind decisions | production authentication/credential model | production API/integration availability | exception criteria | real production wait times and SLAs | complete case-specific workflow outside OCR-observed segments,UI/selector changes | expired sessions or authentication failures | unexpected input/case structure | upstream/downstream outage | business-rule changes | document/application state mismatch | copied/transferred data mismatch,"Potentially sensitive employee/payroll/insurance/tax records are involved. Client validation is required for least privilege, credential storage, audit logs, retention, access review, and data-handling policy.",/payroll-items,Observed in Dataset-B browser URLs,Family-specific DOM identifiers are observed for pi; production selector stability is UNKNOWN.,,,,,GOOD_MECHANICAL_FIT_WITH_HUMAN_STEP,HIGH,HIGH,MEDIUM,HIGH,PILOT-FIRST,7,Good candidate for partial automation; retain human decision step; do not automate the decision itself without business-rule evidence,"209 segments in family | 35.8% of Dataset-B segment time | 100.0% of family segments show mechanical activity evidence | 34.4% show contextual decision-point evidence | 88.0% show clipboard activity | 100.0% contain Microsoft Edge as the exact active app | exact active apps observed: Microsoft Edge, Microsoft Excel, Microsoft Teams, Microsoft Word, Notepad, OpenWith, ProcMine Agent, Windows Explorer, Windows Terminal, prl_cc","Frequent clipboard activity; cross-system/data-transfer work is strongly evidenced. | Multiple application-handling patterns observed | High frequency of repetitive UI/data movement suggests an automation opportunity, but does not establish end-to-end automability.",API/integration availability | production authentication model | business decision rules | exception policy | production UI stability | production governance requirements
pi,payroll_change,OBSERVED_CASE_TYPE,209,35.78096898191564,100.0,34.44976076555024,88.03827751196172,89.95215311004785,100.0,29.665071770334926,5.741626794258373,15.311004784688995,Microsoft Edge | Microsoft Excel | Microsoft Teams | Microsoft Word | Notepad | OpenWith | ProcMine Agent | Windows Explorer | Windows Terminal | prl_cc,1.6555023923444976,"Browser-based target interaction is observed. Production API availability, authentication method, permissions, and integration interfaces are UNKNOWN.",Family-specific DOM identifiers are observed for pi; production selector stability is UNKNOWN.,Frequent clipboard activity; cross-system/data-transfer work is strongly evidenced.,Multiple application-handling patterns observed,business-rule logic behind decisions | production authentication/credential model | production API/integration availability | exception criteria | real production wait times and SLAs | complete case-specific workflow outside OCR-observed segments,UI/selector changes | expired sessions or authentication failures | unexpected input/case structure | upstream/downstream outage | business-rule changes | document/application state mismatch | copied/transferred data mismatch,"Potentially sensitive employee/payroll/insurance/tax records are involved. Client validation is required for least privilege, credential storage, audit logs, retention, access review, and data-handling policy.",/payroll-items,Observed in Dataset-B browser URLs,Family-specific DOM identifiers are observed for pi; production selector stability is UNKNOWN.,,,,,GOOD_MECHANICAL_FIT_WITH_HUMAN_STEP,HIGH,HIGH,MEDIUM,HIGH,PILOT-FIRST,7,Good candidate for partial automation; retain human decision step; do not automate the decision itself without business-rule evidence,"209 segments in family | 35.8% of Dataset-B segment time | 100.0% of family segments show mechanical activity evidence | 34.4% show contextual decision-point evidence | 88.0% show clipboard activity | 100.0% contain Microsoft Edge as the exact active app | exact active apps observed: Microsoft Edge, Microsoft Excel, Microsoft Teams, Microsoft Word, Notepad, OpenWith, ProcMine Agent, Windows Explorer, Windows Terminal, prl_cc","Frequent clipboard activity; cross-system/data-transfer work is strongly evidenced. | Multiple application-handling patterns observed | High frequency of repetitive UI/data movement suggests an automation opportunity, but does not establish end-to-end automability.",API/integration availability | production authentication model | business decision rules | exception policy | production UI stability | production governance requirements
pi,dependent_deduction,OBSERVED_CASE_TYPE,209,35.78096898191564,100.0,34.44976076555024,88.03827751196172,89.95215311004785,100.0,29.665071770334926,5.741626794258373,15.311004784688995,Microsoft Edge | Microsoft Excel | Microsoft Teams | Microsoft Word | Notepad | OpenWith | ProcMine Agent | Windows Explorer | Windows Terminal | prl_cc,1.6555023923444976,"Browser-based target interaction is observed. Production API availability, authentication method, permissions, and integration interfaces are UNKNOWN.",Family-specific DOM identifiers are observed for pi; production selector stability is UNKNOWN.,Frequent clipboard activity; cross-system/data-transfer work is strongly evidenced.,Multiple application-handling patterns observed,business-rule logic behind decisions | production authentication/credential model | production API/integration availability | exception criteria | real production wait times and SLAs | complete case-specific workflow outside OCR-observed segments,UI/selector changes | expired sessions or authentication failures | unexpected input/case structure | upstream/downstream outage | business-rule changes | document/application state mismatch | copied/transferred data mismatch,"Potentially sensitive employee/payroll/insurance/tax records are involved. Client validation is required for least privilege, credential storage, audit logs, retention, access review, and data-handling policy.",/payroll-items,Observed in Dataset-B browser URLs,Family-specific DOM identifiers are observed for pi; production selector stability is UNKNOWN.,,,,,GOOD_MECHANICAL_FIT_WITH_HUMAN_STEP,HIGH,HIGH,MEDIUM,HIGH,PILOT-FIRST,7,Good candidate for partial automation; retain human decision step; do not automate the decision itself without business-rule evidence,"209 segments in family | 35.8% of Dataset-B segment time | 100.0% of family segments show mechanical activity evidence | 34.4% show contextual decision-point evidence | 88.0% show clipboard activity | 100.0% contain Microsoft Edge as the exact active app | exact active apps observed: Microsoft Edge, Microsoft Excel, Microsoft Teams, Microsoft Word, Notepad, OpenWith, ProcMine Agent, Windows Explorer, Windows Terminal, prl_cc","Frequent clipboard activity; cross-system/data-transfer work is strongly evidenced. | Multiple application-handling patterns observed | High frequency of repetitive UI/data movement suggests an automation opportunity, but does not establish end-to-end automability.",API/integration availability | production authentication model | business decision rules | exception policy | production UI stability | production governance requirements
pi,transportation_expense,OBSERVED_CASE_TYPE,209,35.78096898191564,100.0,34.44976076555024,88.03827751196172,89.95215311004785,100.0,29.665071770334926,5.741626794258373,15.311004784688995,Microsoft Edge | Microsoft Excel | Microsoft Teams | Microsoft Word | Notepad | OpenWith | ProcMine Agent | Windows Explorer | Windows Terminal | prl_cc,1.6555023923444976,"Browser-based target interaction is observed. Production API availability, authentication method, permissions, and integration interfaces are UNKNOWN.",Family-specific DOM identifiers are observed for pi; production selector stability is UNKNOWN.,Frequent clipboard activity; cross-system/data-transfer work is strongly evidenced.,Multiple application-handling patterns observed,business-rule logic behind decisions | production authentication/credential model | production API/integration availability | exception criteria | real production wait times and SLAs | complete case-specific workflow outside OCR-observed segments,UI/selector changes | expired sessions or authentication failures | unexpected input/case structure | upstream/downstream outage | business-rule changes | document/application state mismatch | copied/transferred data mismatch,"Potentially sensitive employee/payroll/insurance/tax records are involved. Client validation is required for least privilege, credential storage, audit logs, retention, access review, and data-handling policy.",/payroll-items,Observed in Dataset-B browser URLs,Family-specific DOM identifiers are observed for pi; production selector stability is UNKNOWN.,,,,,GOOD_MECHANICAL_FIT_WITH_HUMAN_STEP,HIGH,HIGH,MEDIUM,HIGH,PILOT-FIRST,7,Good candidate for partial automation; retain human decision step; do not automate the decision itself without business-rule evidence,"209 segments in family | 35.8% of Dataset-B segment time | 100.0% of family segments show mechanical activity evidence | 34.4% show contextual decision-point evidence | 88.0% show clipboard activity | 100.0% contain Microsoft Edge as the exact active app | exact active apps observed: Microsoft Edge, Microsoft Excel, Microsoft Teams, Microsoft Word, Notepad, OpenWith, ProcMine Agent, Windows Explorer, Windows Terminal, prl_cc","Frequent clipboard activity; cross-system/data-transfer work is strongly evidenced. | Multiple application-handling patterns observed | High frequency of repetitive UI/data movement suggests an automation opportunity, but does not establish end-to-end automability.",API/integration availability | production authentication model | business decision rules | exception policy | production UI stability | production governance requirements
la,attendance_leave,OBSERVED_CASE_TYPE,99,24.18131315762871,100.0,18.181818181818183,93.93939393939394,92.92929292929291,100.0,49.494949494949495,2.0202020202020203,4.040404040404041,Microsoft Edge | Microsoft Excel | Microsoft Teams | Microsoft Word | Notepad | ProcMine Agent | Windows Explorer | Windows Terminal | prl_cc,1.696969696969697,"Browser-based target interaction is observed. Production API availability, authentication method, permissions, and integration interfaces are UNKNOWN.",Family-specific DOM identifiers are observed for la; production selector stability is UNKNOWN.,Frequent clipboard activity; cross-system/data-transfer work is strongly evidenced.,Multiple application-handling patterns observed,business-rule logic behind decisions | production authentication/credential model | production API/integration availability | exception criteria | real production wait times and SLAs | complete case-specific workflow outside OCR-observed segments,UI/selector changes | expired sessions or authentication failures | unexpected input/case structure | upstream/downstream outage | business-rule changes | document/application state mismatch | copied/transferred data mismatch,"Business records are involved. Client validation is required for access control, credential storage, auditability, and retention.",/leave-applications,Observed in Dataset-B browser URLs,Family-specific DOM identifiers are observed for la; production selector stability is UNKNOWN.,,,,,STRONG_MECHANICAL_FIT,MEDIUM,HIGH,MEDIUM,MEDIUM,FEASIBLE_WITH_VALIDATION,5,Prioritize for human-in-the-loop automation assessment,"99 segments in family | 24.2% of Dataset-B segment time | 100.0% of family segments show mechanical activity evidence | 18.2% show contextual decision-point evidence | 93.9% show clipboard activity | 100.0% contain Microsoft Edge as the exact active app | exact active apps observed: Microsoft Edge, Microsoft Excel, Microsoft Teams, Microsoft Word, Notepad, ProcMine Agent, Windows Explorer, Windows Terminal, prl_cc","Frequent clipboard activity; cross-system/data-transfer work is strongly evidenced. | Multiple application-handling patterns observed | High frequency of repetitive UI/data movement suggests an automation opportunity, but does not establish end-to-end automability.",API/integration availability | production authentication model | business decision rules | exception policy | production UI stability | production governance requirements
la,paid_leave,OBSERVED_CASE_TYPE,99,24.18131315762871,100.0,18.181818181818183,93.93939393939394,92.92929292929291,100.0,49.494949494949495,2.0202020202020203,4.040404040404041,Microsoft Edge | Microsoft Excel | Microsoft Teams | Microsoft Word | Notepad | ProcMine Agent | Windows Explorer | Windows Terminal | prl_cc,1.696969696969697,"Browser-based target interaction is observed. Production API availability, authentication method, permissions, and integration interfaces are UNKNOWN.",Family-specific DOM identifiers are observed for la; production selector stability is UNKNOWN.,Frequent clipboard activity; cross-system/data-transfer work is strongly evidenced.,Multiple application-handling patterns observed,business-rule logic behind decisions | production authentication/credential model | production API/integration availability | exception criteria | real production wait times and SLAs | complete case-specific workflow outside OCR-observed segments,UI/selector changes | expired sessions or authentication failures | unexpected input/case structure | upstream/downstream outage | business-rule changes | document/application state mismatch | copied/transferred data mismatch,"Business records are involved. Client validation is required for access control, credential storage, auditability, and retention.",/leave-applications,Observed in Dataset-B browser URLs,Family-specific DOM identifiers are observed for la; production selector stability is UNKNOWN.,,,,,STRONG_MECHANICAL_FIT,MEDIUM,HIGH,MEDIUM,MEDIUM,FEASIBLE_WITH_VALIDATION,5,Prioritize for human-in-the-loop automation assessment,"99 segments in family | 24.2% of Dataset-B segment time | 100.0% of family segments show mechanical activity evidence | 18.2% show contextual decision-point evidence | 93.9% show clipboard activity | 100.0% contain Microsoft Edge as the exact active app | exact active apps observed: Microsoft Edge, Microsoft Excel, Microsoft Teams, Microsoft Word, Notepad, ProcMine Agent, Windows Explorer, Windows Terminal, prl_cc","Frequent clipboard activity; cross-system/data-transfer work is strongly evidenced. | Multiple application-handling patterns observed | High frequency of repetitive UI/data movement suggests an automation opportunity, but does not establish end-to-end automability.",API/integration availability | production authentication model | business decision rules | exception policy | production UI stability | production governance requirements
ob,onboarding,OBSERVED_CASE_TYPE,77,16.79571049409678,100.0,9.090909090909092,88.31168831168831,93.5064935064935,100.0,67.53246753246754,1.2987012987012987,3.896103896103896,Microsoft Edge | Microsoft Excel | Microsoft Teams | Microsoft Word | Notepad | ProcMine Agent | Windows Explorer | Windows Terminal,1.8311688311688312,"Browser-based target interaction is observed. Production API availability, authentication method, permissions, and integration interfaces are UNKNOWN.",Family-specific DOM identifiers are observed for ob; production selector stability is UNKNOWN.,Frequent clipboard activity; cross-system/data-transfer work is strongly evidenced.,Multiple application-handling patterns observed,business-rule logic behind decisions | production authentication/credential model | production API/integration availability | exception criteria | real production wait times and SLAs | complete case-specific workflow outside OCR-observed segments,UI/selector changes | expired sessions or authentication failures | unexpected input/case structure | upstream/downstream outage | business-rule changes | document/application state mismatch | copied/transferred data mismatch,"Potentially sensitive employee/payroll/insurance/tax records are involved. Client validation is required for least privilege, credential storage, audit logs, retention, access review, and data-handling policy.",/onboarding,Observed in Dataset-B browser URLs,Family-specific DOM identifiers are observed for ob; production selector stability is UNKNOWN.,,,,,STRONG_MECHANICAL_FIT,LOW-MEDIUM,HIGH,MEDIUM,HIGH,FEASIBLE_WITH_VALIDATION,5,Prioritize for human-in-the-loop automation assessment,"77 segments in family | 16.8% of Dataset-B segment time | 100.0% of family segments show mechanical activity evidence | 9.1% show contextual decision-point evidence | 88.3% show clipboard activity | 100.0% contain Microsoft Edge as the exact active app | exact active apps observed: Microsoft Edge, Microsoft Excel, Microsoft Teams, Microsoft Word, Notepad, ProcMine Agent, Windows Explorer, Windows Terminal","Frequent clipboard activity; cross-system/data-transfer work is strongly evidenced. | Multiple application-handling patterns observed | High frequency of repetitive UI/data movement suggests an automation opportunity, but does not establish end-to-end automability.",API/integration availability | production authentication model | business decision rules | exception policy | production UI stability | production governance requirements
ob,onboarding_insurance,OBSERVED_CASE_TYPE,77,16.79571049409678,100.0,9.090909090909092,88.31168831168831,93.5064935064935,100.0,67.53246753246754,1.2987012987012987,3.896103896103896,Microsoft Edge | Microsoft Excel | Microsoft Teams | Microsoft Word | Notepad | ProcMine Agent | Windows Explorer | Windows Terminal,1.8311688311688312,"Browser-based target interaction is observed. Production API availability, authentication method, permissions, and integration interfaces are UNKNOWN.",Family-specific DOM identifiers are observed for ob; production selector stability is UNKNOWN.,Frequent clipboard activity; cross-system/data-transfer work is strongly evidenced.,Multiple application-handling patterns observed,business-rule logic behind decisions | production authentication/credential model | production API/integration availability | exception criteria | real production wait times and SLAs | complete case-specific workflow outside OCR-observed segments,UI/selector changes | expired sessions or authentication failures | unexpected input/case structure | upstream/downstream outage | business-rule changes | document/application state mismatch | copied/transferred data mismatch,"Potentially sensitive employee/payroll/insurance/tax records are involved. Client validation is required for least privilege, credential storage, audit logs, retention, access review, and data-handling policy.",/onboarding,Observed in Dataset-B browser URLs,Family-specific DOM identifiers are observed for ob; production selector stability is UNKNOWN.,,,,,STRONG_MECHANICAL_FIT,LOW-MEDIUM,HIGH,MEDIUM,HIGH,FEASIBLE_WITH_VALIDATION,5,Prioritize for human-in-the-loop automation assessment,"77 segments in family | 16.8% of Dataset-B segment time | 100.0% of family segments show mechanical activity evidence | 9.1% show contextual decision-point evidence | 88.3% show clipboard activity | 100.0% contain Microsoft Edge as the exact active app | exact active apps observed: Microsoft Edge, Microsoft Excel, Microsoft Teams, Microsoft Word, Notepad, ProcMine Agent, Windows Explorer, Windows Terminal","Frequent clipboard activity; cross-system/data-transfer work is strongly evidenced. | Multiple application-handling patterns observed | High frequency of repetitive UI/data movement suggests an automation opportunity, but does not establish end-to-end automability.",API/integration availability | production authentication model | business decision rules | exception policy | production UI stability | production governance requirements
ob,onboarding_allowances,OBSERVED_CASE_TYPE,77,16.79571049409678,100.0,9.090909090909092,88.31168831168831,93.5064935064935,100.0,67.53246753246754,1.2987012987012987,3.896103896103896,Microsoft Edge | Microsoft Excel | Microsoft Teams | Microsoft Word | Notepad | ProcMine Agent | Windows Explorer | Windows Terminal,1.8311688311688312,"Browser-based target interaction is observed. Production API availability, authentication method, permissions, and integration interfaces are UNKNOWN.",Family-specific DOM identifiers are observed for ob; production selector stability is UNKNOWN.,Frequent clipboard activity; cross-system/data-transfer work is strongly evidenced.,Multiple application-handling patterns observed,business-rule logic behind decisions | production authentication/credential model | production API/integration availability | exception criteria | real production wait times and SLAs | complete case-specific workflow outside OCR-observed segments,UI/selector changes | expired sessions or authentication failures | unexpected input/case structure | upstream/downstream outage | business-rule changes | document/application state mismatch | copied/transferred data mismatch,"Potentially sensitive employee/payroll/insurance/tax records are involved. Client validation is required for least privilege, credential storage, audit logs, retention, access review, and data-handling policy.",/onboarding,Observed in Dataset-B browser URLs,Family-specific DOM identifiers are observed for ob; production selector stability is UNKNOWN.,,,,,STRONG_MECHANICAL_FIT,LOW-MEDIUM,HIGH,MEDIUM,HIGH,FEASIBLE_WITH_VALIDATION,5,Prioritize for human-in-the-loop automation assessment,"77 segments in family | 16.8% of Dataset-B segment time | 100.0% of family segments show mechanical activity evidence | 9.1% show contextual decision-point evidence | 88.3% show clipboard activity | 100.0% contain Microsoft Edge as the exact active app | exact active apps observed: Microsoft Edge, Microsoft Excel, Microsoft Teams, Microsoft Word, Notepad, ProcMine Agent, Windows Explorer, Windows Terminal","Frequent clipboard activity; cross-system/data-transfer work is strongly evidenced. | Multiple application-handling patterns observed | High frequency of repetitive UI/data movement suggests an automation opportunity, but does not establish end-to-end automability.",API/integration availability | production authentication model | business decision rules | exception policy | production UI stability | production governance requirements
ob,my_number,OBSERVED_CASE_TYPE,77,16.79571049409678,100.0,9.090909090909092,88.31168831168831,93.5064935064935,100.0,67.53246753246754,1.2987012987012987,3.896103896103896,Microsoft Edge | Microsoft Excel | Microsoft Teams | Microsoft Word | Notepad | ProcMine Agent | Windows Explorer | Windows Terminal,1.8311688311688312,"Browser-based target interaction is observed. Production API availability, authentication method, permissions, and integration interfaces are UNKNOWN.",Family-specific DOM identifiers are observed for ob; production selector stability is UNKNOWN.,Frequent clipboard activity; cross-system/data-transfer work is strongly evidenced.,Multiple application-handling patterns observed,business-rule logic behind decisions | production authentication/credential model | production API/integration availability | exception criteria | real production wait times and SLAs | complete case-specific workflow outside OCR-observed segments,UI/selector changes | expired sessions or authentication failures | unexpected input/case structure | upstream/downstream outage | business-rule changes | document/application state mismatch | copied/transferred data mismatch,"Potentially sensitive employee/payroll/insurance/tax records are involved. Client validation is required for least privilege, credential storage, audit logs, retention, access review, and data-handling policy.",/onboarding,Observed in Dataset-B browser URLs,Family-specific DOM identifiers are observed for ob; production selector stability is UNKNOWN.,,,,,STRONG_MECHANICAL_FIT,LOW-MEDIUM,HIGH,MEDIUM,HIGH,FEASIBLE_WITH_VALIDATION,5,Prioritize for human-in-the-loop automation assessment,"77 segments in family | 16.8% of Dataset-B segment time | 100.0% of family segments show mechanical activity evidence | 9.1% show contextual decision-point evidence | 88.3% show clipboard activity | 100.0% contain Microsoft Edge as the exact active app | exact active apps observed: Microsoft Edge, Microsoft Excel, Microsoft Teams, Microsoft Word, Notepad, ProcMine Agent, Windows Explorer, Windows Terminal","Frequent clipboard activity; cross-system/data-transfer work is strongly evidenced. | Multiple application-handling patterns observed | High frequency of repetitive UI/data movement suggests an automation opportunity, but does not establish end-to-end automability.",API/integration availability | production authentication model | business decision rules | exception policy | production UI stability | production governance requirements
si,social_insurance,OBSERVED_CASE_TYPE,68,11.683335648579156,100.0,17.647058823529413,91.17647058823528,97.05882352941175,100.0,35.294117647058826,7.352941176470589,16.176470588235293,Microsoft Edge | Microsoft Excel | Microsoft Teams | Microsoft Word | Notepad | OpenWith | ProcMine Agent | Windows Explorer | Windows Terminal,1.75,"Browser-based target interaction is observed. Production API availability, authentication method, permissions, and integration interfaces are UNKNOWN.",Family-specific DOM identifiers are observed for si; production selector stability is UNKNOWN.,Frequent clipboard activity; cross-system/data-transfer work is strongly evidenced.,Multiple application-handling patterns observed,business-rule logic behind decisions | production authentication/credential model | production API/integration availability | exception criteria | real production wait times and SLAs | complete case-specific workflow outside OCR-observed segments,UI/selector changes | expired sessions or authentication failures | unexpected input/case structure | upstream/downstream outage | business-rule changes | document/application state mismatch | copied/transferred data mismatch,"Potentially sensitive employee/payroll/insurance/tax records are involved. Client validation is required for least privilege, credential storage, audit logs, retention, access review, and data-handling policy.",/social-insurance,Observed in Dataset-B browser URLs,Family-specific DOM identifiers are observed for si; production selector stability is UNKNOWN.,,,,,STRONG_MECHANICAL_FIT,MEDIUM,HIGH,MEDIUM,HIGH,FEASIBLE_WITH_VALIDATION,6,Prioritize for human-in-the-loop automation assessment,"68 segments in family | 11.7% of Dataset-B segment time | 100.0% of family segments show mechanical activity evidence | 17.6% show contextual decision-point evidence | 91.2% show clipboard activity | 100.0% contain Microsoft Edge as the exact active app | exact active apps observed: Microsoft Edge, Microsoft Excel, Microsoft Teams, Microsoft Word, Notepad, OpenWith, ProcMine Agent, Windows Explorer, Windows Terminal","Frequent clipboard activity; cross-system/data-transfer work is strongly evidenced. | Multiple application-handling patterns observed | High frequency of repetitive UI/data movement suggests an automation opportunity, but does not establish end-to-end automability.",API/integration availability | production authentication model | business decision rules | exception policy | production UI stability | production governance requirements
si,maternity_leave,OBSERVED_CASE_TYPE,68,11.683335648579156,100.0,17.647058823529413,91.17647058823528,97.05882352941175,100.0,35.294117647058826,7.352941176470589,16.176470588235293,Microsoft Edge | Microsoft Excel | Microsoft Teams | Microsoft Word | Notepad | OpenWith | ProcMine Agent | Windows Explorer | Windows Terminal,1.75,"Browser-based target interaction is observed. Production API availability, authentication method, permissions, and integration interfaces are UNKNOWN.",Family-specific DOM identifiers are observed for si; production selector stability is UNKNOWN.,Frequent clipboard activity; cross-system/data-transfer work is strongly evidenced.,Multiple application-handling patterns observed,business-rule logic behind decisions | production authentication/credential model | production API/integration availability | exception criteria | real production wait times and SLAs | complete case-specific workflow outside OCR-observed segments,UI/selector changes | expired sessions or authentication failures | unexpected input/case structure | upstream/downstream outage | business-rule changes | document/application state mismatch | copied/transferred data mismatch,"Potentially sensitive employee/payroll/insurance/tax records are involved. Client validation is required for least privilege, credential storage, audit logs, retention, access review, and data-handling policy.",/social-insurance,Observed in Dataset-B browser URLs,Family-specific DOM identifiers are observed for si; production selector stability is UNKNOWN.,,,,,STRONG_MECHANICAL_FIT,MEDIUM,HIGH,MEDIUM,HIGH,FEASIBLE_WITH_VALIDATION,6,Prioritize for human-in-the-loop automation assessment,"68 segments in family | 11.7% of Dataset-B segment time | 100.0% of family segments show mechanical activity evidence | 17.6% show contextual decision-point evidence | 91.2% show clipboard activity | 100.0% contain Microsoft Edge as the exact active app | exact active apps observed: Microsoft Edge, Microsoft Excel, Microsoft Teams, Microsoft Word, Notepad, OpenWith, ProcMine Agent, Windows Explorer, Windows Terminal","Frequent clipboard activity; cross-system/data-transfer work is strongly evidenced. | Multiple application-handling patterns observed | High frequency of repetitive UI/data movement suggests an automation opportunity, but does not establish end-to-end automability.",API/integration availability | production authentication model | business decision rules | exception policy | production UI stability | production governance requirements
si,childcare_leave,OBSERVED_CASE_TYPE,68,11.683335648579156,100.0,17.647058823529413,91.17647058823528,97.05882352941175,100.0,35.294117647058826,7.352941176470589,16.176470588235293,Microsoft Edge | Microsoft Excel | Microsoft Teams | Microsoft Word | Notepad | OpenWith | ProcMine Agent | Windows Explorer | Windows Terminal,1.75,"Browser-based target interaction is observed. Production API availability, authentication method, permissions, and integration interfaces are UNKNOWN.",Family-specific DOM identifiers are observed for si; production selector stability is UNKNOWN.,Frequent clipboard activity; cross-system/data-transfer work is strongly evidenced.,Multiple application-handling patterns observed,business-rule logic behind decisions | production authentication/credential model | production API/integration availability | exception criteria | real production wait times and SLAs | complete case-specific workflow outside OCR-observed segments,UI/selector changes | expired sessions or authentication failures | unexpected input/case structure | upstream/downstream outage | business-rule changes | document/application state mismatch | copied/transferred data mismatch,"Potentially sensitive employee/payroll/insurance/tax records are involved. Client validation is required for least privilege, credential storage, audit logs, retention, access review, and data-handling policy.",/social-insurance,Observed in Dataset-B browser URLs,Family-specific DOM identifiers are observed for si; production selector stability is UNKNOWN.,,,,,STRONG_MECHANICAL_FIT,MEDIUM,HIGH,MEDIUM,HIGH,FEASIBLE_WITH_VALIDATION,6,Prioritize for human-in-the-loop automation assessment,"68 segments in family | 11.7% of Dataset-B segment time | 100.0% of family segments show mechanical activity evidence | 17.6% show contextual decision-point evidence | 91.2% show clipboard activity | 100.0% contain Microsoft Edge as the exact active app | exact active apps observed: Microsoft Edge, Microsoft Excel, Microsoft Teams, Microsoft Word, Notepad, OpenWith, ProcMine Agent, Windows Explorer, Windows Terminal","Frequent clipboard activity; cross-system/data-transfer work is strongly evidenced. | Multiple application-handling patterns observed | High frequency of repetitive UI/data movement suggests an automation opportunity, but does not establish end-to-end automability.",API/integration availability | production authentication model | business decision rules | exception policy | production UI stability | production governance requirements
si,insurance_exemption,OBSERVED_CASE_TYPE,68,11.683335648579156,100.0,17.647058823529413,91.17647058823528,97.05882352941175,100.0,35.294117647058826,7.352941176470589,16.176470588235293,Microsoft Edge | Microsoft Excel | Microsoft Teams | Microsoft Word | Notepad | OpenWith | ProcMine Agent | Windows Explorer | Windows Terminal,1.75,"Browser-based target interaction is observed. Production API availability, authentication method, permissions, and integration interfaces are UNKNOWN.",Family-specific DOM identifiers are observed for si; production selector stability is UNKNOWN.,Frequent clipboard activity; cross-system/data-transfer work is strongly evidenced.,Multiple application-handling patterns observed,business-rule logic behind decisions | production authentication/credential model | production API/integration availability | exception criteria | real production wait times and SLAs | complete case-specific workflow outside OCR-observed segments,UI/selector changes | expired sessions or authentication failures | unexpected input/case structure | upstream/downstream outage | business-rule changes | document/application state mismatch | copied/transferred data mismatch,"Potentially sensitive employee/payroll/insurance/tax records are involved. Client validation is required for least privilege, credential storage, audit logs, retention, access review, and data-handling policy.",/social-insurance,Observed in Dataset-B browser URLs,Family-specific DOM identifiers are observed for si; production selector stability is UNKNOWN.,,,,,STRONG_MECHANICAL_FIT,MEDIUM,HIGH,MEDIUM,HIGH,FEASIBLE_WITH_VALIDATION,6,Prioritize for human-in-the-loop automation assessment,"68 segments in family | 11.7% of Dataset-B segment time | 100.0% of family segments show mechanical activity evidence | 17.6% show contextual decision-point evidence | 91.2% show clipboard activity | 100.0% contain Microsoft Edge as the exact active app | exact active apps observed: Microsoft Edge, Microsoft Excel, Microsoft Teams, Microsoft Word, Notepad, OpenWith, ProcMine Agent, Windows Explorer, Windows Terminal","Frequent clipboard activity; cross-system/data-transfer work is strongly evidenced. | Multiple application-handling patterns observed | High frequency of repetitive UI/data movement suggests an automation opportunity, but does not establish end-to-end automability.",API/integration availability | production authentication model | business decision rules | exception policy | production UI stability | production governance requirements
