session_id,event_timestamp,nearest_segment_index,nearest_boundary,distance_s,source_file,source_line,event_id,event_type
ses_20260701-173642-NEELA9BAF,2026-07-01T17:45:00.102000+00:00,18,2026-07-01T17:45:00.813000+00:00,0.7109999656677246,C:\Users\Gaurav Rathod\Downloads\automation-proposal\raw_data\dataset-downloads\dataset_b-20260908T164438Z-1-001\dataset_b\ses_20260701-173642-NEELA9BAF\chunk_20260701-1730-NEELA9BAF\events.jsonl,912,evt_6041e6d8-c600-421b-ad64-b556c3a29505,mouse_click
ses_20260701-173642-NEELA9BAF,2026-07-01T17:45:00.110000+00:00,18,2026-07-01T17:45:00.813000+00:00,0.7030000686645508,C:\Users\Gaurav Rathod\Downloads\automation-proposal\raw_data\dataset-downloads\dataset_b-20260908T164438Z-1-001\dataset_b\ses_20260701-173642-NEELA9BAF\chunk_20260701-1730-NEELA9BAF\events.jsonl,911,evt_5b2201e8-ee91-4b6c-a806-d938930801b8,browser_click
ses_20260701-175258-LAPTOP-76QMG9DE,2026-07-01T17:58:06.690000+00:00,8,2026-07-01T17:58:06.085000+00:00,0.6050000190734863,C:\Users\Gaurav Rathod\Downloads\automation-proposal\raw_data\dataset-downloads\dataset_b-20260908T164438Z-1-001\dataset_b\ses_20260701-175258-LAPTOP-76QMG9DE\chunk_20260701-1730-LAPTOP-76QMG9DE\events.jsonl,624,evt_8451af1c-a558-4403-b8ce-bef76aa1ad35,browser_form_input
ses_20260701-175747-SIDDHIGUPTAB00B,2026-07-01T17:58:27.376000+00:00,1,2026-07-01T17:58:27.661000+00:00,0.2850000858306885,C:\Users\Gaurav Rathod\Downloads\automation-proposal\raw_data\dataset-downloads\dataset_b-20260908T164438Z-1-001\dataset_b\ses_20260701-175747-SIDDHIGUPTAB00B\chunk_20260701-1730-SIDDHIGUPTAB00B\events.jsonl,81,evt_1ba0aede-84b4-432a-9d80-4d9ccddcdb75,browser_error
ses_20260701-175747-SIDDHIGUPTAB00B,2026-07-01T17:58:27.437000+00:00,1,2026-07-01T17:58:27.661000+00:00,0.2239999771118164,C:\Users\Gaurav Rathod\Downloads\automation-proposal\raw_data\dataset-downloads\dataset_b-20260908T164438Z-1-001\dataset_b\ses_20260701-175747-SIDDHIGUPTAB00B\chunk_20260701-1730-SIDDHIGUPTAB00B\events.jsonl,84,evt_9c52e98f-52a9-4dc7-9eb0-8629be3c0faf,browser_error
ses_20260701-175747-SIDDHIGUPTAB00B,2026-07-01T18:05:52.862000+00:00,15,2026-07-01T18:05:53.661000+00:00,0.7990000247955322,C:\Users\Gaurav Rathod\Downloads\automation-proposal\raw_data\dataset-downloads\dataset_b-20260908T164438Z-1-001\dataset_b\ses_20260701-175747-SIDDHIGUPTAB00B\chunk_20260701-1800-SIDDHIGUPTAB00B\events.jsonl,675,evt_367a6a92-a967-47e6-92bb-3be59bcd4f37,clipboard_change
ses_20260701-175747-SIDDHIGUPTAB00B,2026-07-01T18:05:52.908000+00:00,15,2026-07-01T18:05:53.661000+00:00,0.753000020980835,C:\Users\Gaurav Rathod\Downloads\automation-proposal\raw_data\dataset-downloads\dataset_b-20260908T164438Z-1-001\dataset_b\ses_20260701-175747-SIDDHIGUPTAB00B\chunk_20260701-1800-SIDDHIGUPTAB00B\events.jsonl,677,evt_4b7fe15d-c452-4c02-99df-d6a789280725,shortcut
ses_20260701-175747-SIDDHIGUPTAB00B,2026-07-01T18:05:52.908000+00:00,15,2026-07-01T18:05:53.661000+00:00,0.753000020980835,C:\Users\Gaurav Rathod\Downloads\automation-proposal\raw_data\dataset-downloads\dataset_b-20260908T164438Z-1-001\dataset_b\ses_20260701-175747-SIDDHIGUPTAB00B\chunk_20260701-1800-SIDDHIGUPTAB00B\events.jsonl,678,evt_74430de7-51dc-462e-9df1-be2c7861378d,keystroke
ses_20260701-175747-SIDDHIGUPTAB00B,2026-07-01T18:05:52.909000+00:00,15,2026-07-01T18:05:53.661000+00:00,0.752000093460083,C:\Users\Gaurav Rathod\Downloads\automation-proposal\raw_data\dataset-downloads\dataset_b-20260908T164438Z-1-001\dataset_b\ses_20260701-175747-SIDDHIGUPTAB00B\chunk_20260701-1800-SIDDHIGUPTAB00B\events.jsonl,679,evt_366c21ed-b06e-4631-a199-e4f4179cb709,keystroke
ses_20260701-175747-SIDDHIGUPTAB00B,2026-07-01T18:05:52.946000+00:00,15,2026-07-01T18:05:53.661000+00:00,0.7149999141693115,C:\Users\Gaurav Rathod\Downloads\automation-proposal\raw_data\dataset-downloads\dataset_b-20260908T164438Z-1-001\dataset_b\ses_20260701-175747-SIDDHIGUPTAB00B\chunk_20260701-1800-SIDDHIGUPTAB00B\events.jsonl,680,evt_01f0599c-d692-4eaf-b876-eeea94f12be5,screenshot_smart
ses_20260701-180923-NEELA9BAF,2026-07-01T18:18:15.462000+00:00,3,2026-07-01T18:18:15.713000+00:00,0.25100016593933105,C:\Users\Gaurav Rathod\Downloads\automation-proposal\raw_data\dataset-downloads\dataset_b-20260908T164438Z-1-001\dataset_b\ses_20260701-180923-NEELA9BAF\chunk_20260701-1800-NEELA9BAF\events.jsonl,1008,evt_ac46f397-da17-4a96-bbc8-c27b26b6edb5,browser_form_input
ses_20260701-181413-LAPTOP-76QMG9DE,2026-07-01T18:19:36.517000+00:00,1,2026-07-01T18:19:37.186000+00:00,0.6690001487731934,C:\Users\Gaurav Rathod\Downloads\automation-proposal\raw_data\dataset-downloads\dataset_b-20260908T164438Z-1-001\dataset_b\ses_20260701-181413-LAPTOP-76QMG9DE\chunk_20260701-1800-LAPTOP-76QMG9DE\events.jsonl,643,evt_56a147a3-46cb-4d4c-9705-cc767d6c7786,clipboard_change
ses_20260701-181413-LAPTOP-76QMG9DE,2026-07-01T18:19:36.599000+00:00,1,2026-07-01T18:19:37.186000+00:00,0.5870001316070557,C:\Users\Gaurav Rathod\Downloads\automation-proposal\raw_data\dataset-downloads\dataset_b-20260908T164438Z-1-001\dataset_b\ses_20260701-181413-LAPTOP-76QMG9DE\chunk_20260701-1800-LAPTOP-76QMG9DE\events.jsonl,645,evt_90116e52-3d0d-4bc5-8ac0-0fd4c667df9a,shortcut
ses_20260701-181413-LAPTOP-76QMG9DE,2026-07-01T18:19:36.599000+00:00,1,2026-07-01T18:19:37.186000+00:00,0.5870001316070557,C:\Users\Gaurav Rathod\Downloads\automation-proposal\raw_data\dataset-downloads\dataset_b-20260908T164438Z-1-001\dataset_b\ses_20260701-181413-LAPTOP-76QMG9DE\chunk_20260701-1800-LAPTOP-76QMG9DE\events.jsonl,646,evt_e06d5bda-a4b2-4e6f-8ace-acd85d08cfd2,keystroke
ses_20260701-181413-LAPTOP-76QMG9DE,2026-07-01T18:19:36.601000+00:00,1,2026-07-01T18:19:37.186000+00:00,0.5850000381469727,C:\Users\Gaurav Rathod\Downloads\automation-proposal\raw_data\dataset-downloads\dataset_b-20260908T164438Z-1-001\dataset_b\ses_20260701-181413-LAPTOP-76QMG9DE\chunk_20260701-1800-LAPTOP-76QMG9DE\events.jsonl,647,evt_ff407ec1-68ce-4504-9048-c4968c04a4f3,keystroke
ses_20260701-181413-LAPTOP-76QMG9DE,2026-07-01T18:19:36.683000+00:00,1,2026-07-01T18:19:37.186000+00:00,0.503000020980835,C:\Users\Gaurav Rathod\Downloads\automation-proposal\raw_data\dataset-downloads\dataset_b-20260908T164438Z-1-001\dataset_b\ses_20260701-181413-LAPTOP-76QMG9DE\chunk_20260701-1800-LAPTOP-76QMG9DE\events.jsonl,648,evt_48851af1-d99f-40ce-9ac3-43d2cfa50fb1,screenshot_smart
ses_20260701-181413-LAPTOP-76QMG9DE,2026-07-01T18:25:46.552000+00:00,7,2026-07-01T18:25:47.186000+00:00,0.6340000629425049,C:\Users\Gaurav Rathod\Downloads\automation-proposal\raw_data\dataset-downloads\dataset_b-20260908T164438Z-1-001\dataset_b\ses_20260701-181413-LAPTOP-76QMG9DE\chunk_20260701-1800-LAPTOP-76QMG9DE\events.jsonl,1322,evt_800c30c3-b765-45a5-8e05-be9371bc7458,clipboard_change
ses_20260701-181413-LAPTOP-76QMG9DE,2026-07-01T18:25:46.619000+00:00,7,2026-07-01T18:25:47.186000+00:00,0.567000150680542,C:\Users\Gaurav Rathod\Downloads\automation-proposal\raw_data\dataset-downloads\dataset_b-20260908T164438Z-1-001\dataset_b\ses_20260701-181413-LAPTOP-76QMG9DE\chunk_20260701-1800-LAPTOP-76QMG9DE\events.jsonl,1323,evt_8f2c109b-3056-49d9-8d32-715ccc7c8219,shortcut
ses_20260701-181413-LAPTOP-76QMG9DE,2026-07-01T18:25:46.619000+00:00,7,2026-07-01T18:25:47.186000+00:00,0.567000150680542,C:\Users\Gaurav Rathod\Downloads\automation-proposal\raw_data\dataset-downloads\dataset_b-20260908T164438Z-1-001\dataset_b\ses_20260701-181413-LAPTOP-76QMG9DE\chunk_20260701-1800-LAPTOP-76QMG9DE\events.jsonl,1324,evt_1d0258f0-b12e-440e-809a-bd9aecd1657e,keystroke
ses_20260701-181413-LAPTOP-76QMG9DE,2026-07-01T18:25:46.620000+00:00,7,2026-07-01T18:25:47.186000+00:00,0.56600022315979,C:\Users\Gaurav Rathod\Downloads\automation-proposal\raw_data\dataset-downloads\dataset_b-20260908T164438Z-1-001\dataset_b\ses_20260701-181413-LAPTOP-76QMG9DE\chunk_20260701-1800-LAPTOP-76QMG9DE\events.jsonl,1325,evt_074e9111-bfff-44e9-9fed-f216d8076bd1,keystroke
ses_20260701-181413-LAPTOP-76QMG9DE,2026-07-01T18:25:46.651000+00:00,7,2026-07-01T18:25:47.186000+00:00,0.5350000858306885,C:\Users\Gaurav Rathod\Downloads\automation-proposal\raw_data\dataset-downloads\dataset_b-20260908T164438Z-1-001\dataset_b\ses_20260701-181413-LAPTOP-76QMG9DE\chunk_20260701-1800-LAPTOP-76QMG9DE\events.jsonl,1327,evt_cb953a2c-d628-42c8-bed2-8e28f5753108,screenshot_smart
ses_20260701-181913-SIDDHIGUPTAB00B,2026-07-01T18:20:34.715000+00:00,1,2026-07-01T18:20:35.159000+00:00,0.4440000057220459,C:\Users\Gaurav Rathod\Downloads\automation-proposal\raw_data\dataset-downloads\dataset_b-20260908T164438Z-1-001\dataset_b\ses_20260701-181913-SIDDHIGUPTAB00B\chunk_20260701-1800-SIDDHIGUPTAB00B\events.jsonl,167,evt_5b1f4325-478f-40a7-8e12-caa75290d227,browser_form_input
ses_20260701-181913-SIDDHIGUPTAB00B,2026-07-01T18:20:34.815000+00:00,1,2026-07-01T18:20:35.159000+00:00,0.34399986267089844,C:\Users\Gaurav Rathod\Downloads\automation-proposal\raw_data\dataset-downloads\dataset_b-20260908T164438Z-1-001\dataset_b\ses_20260701-181913-SIDDHIGUPTAB00B\chunk_20260701-1800-SIDDHIGUPTAB00B\events.jsonl,170,evt_cc12d612-da34-4acb-a1a4-215497f45c41,mouse_click
ses_20260701-181913-SIDDHIGUPTAB00B,2026-07-01T18:20:34.833000+00:00,1,2026-07-01T18:20:35.159000+00:00,0.3259999752044678,C:\Users\Gaurav Rathod\Downloads\automation-proposal\raw_data\dataset-downloads\dataset_b-20260908T164438Z-1-001\dataset_b\ses_20260701-181913-SIDDHIGUPTAB00B\chunk_20260701-1800-SIDDHIGUPTAB00B\events.jsonl,168,evt_35470071-27bf-4f27-9869-69167a203b2f,browser_click
ses_20260701-181913-SIDDHIGUPTAB00B,2026-07-01T18:20:34.904000+00:00,1,2026-07-01T18:20:35.159000+00:00,0.25499987602233887,C:\Users\Gaurav Rathod\Downloads\automation-proposal\raw_data\dataset-downloads\dataset_b-20260908T164438Z-1-001\dataset_b\ses_20260701-181913-SIDDHIGUPTAB00B\chunk_20260701-1800-SIDDHIGUPTAB00B\events.jsonl,169,evt_893f1083-85b2-4f75-919f-46ba4231261a,screenshot_smart
ses_20260701-183232-LAPTOP-76QMG9DE,2026-07-01T18:37:15.879000+00:00,10,2026-07-01T18:37:16.132000+00:00,0.25300002098083496,C:\Users\Gaurav Rathod\Downloads\automation-proposal\raw_data\dataset-downloads\dataset_b-20260908T164438Z-1-001\dataset_b\ses_20260701-183232-LAPTOP-76QMG9DE\chunk_20260701-1830-LAPTOP-76QMG9DE\events.jsonl,532,evt_9a30892c-0e47-4756-84fc-7bf31ecbecf1,browser_form_input
ses_20260701-183232-LAPTOP-76QMG9DE,2026-07-01T18:37:16.022000+00:00,10,2026-07-01T18:37:16.132000+00:00,0.1099998950958252,C:\Users\Gaurav Rathod\Downloads\automation-proposal\raw_data\dataset-downloads\dataset_b-20260908T164438Z-1-001\dataset_b\ses_20260701-183232-LAPTOP-76QMG9DE\chunk_20260701-1830-LAPTOP-76QMG9DE\events.jsonl,535,evt_43f1fd91-0b6b-4a74-bd5a-baa67b44697c,mouse_click
ses_20260701-183232-LAPTOP-76QMG9DE,2026-07-01T18:37:16.026000+00:00,10,2026-07-01T18:37:16.132000+00:00,0.10599994659423828,C:\Users\Gaurav Rathod\Downloads\automation-proposal\raw_data\dataset-downloads\dataset_b-20260908T164438Z-1-001\dataset_b\ses_20260701-183232-LAPTOP-76QMG9DE\chunk_20260701-1830-LAPTOP-76QMG9DE\events.jsonl,533,evt_b656044a-a80c-49f8-a134-71c63eb2a886,browser_click
ses_20260701-183232-LAPTOP-76QMG9DE,2026-07-01T18:37:16.052000+00:00,10,2026-07-01T18:37:16.132000+00:00,0.07999992370605469,C:\Users\Gaurav Rathod\Downloads\automation-proposal\raw_data\dataset-downloads\dataset_b-20260908T164438Z-1-001\dataset_b\ses_20260701-183232-LAPTOP-76QMG9DE\chunk_20260701-1830-LAPTOP-76QMG9DE\events.jsonl,534,evt_694cc2e3-76a0-41a3-827f-ac23b4c09697,screenshot_smart
ses_20260701-190250-NEELA9BAF,2026-07-01T19:06:25.817000+00:00,12,2026-07-01T19:06:26.219000+00:00,0.40200018882751465,C:\Users\Gaurav Rathod\Downloads\automation-proposal\raw_data\dataset-downloads\dataset_b-20260908T164438Z-1-001\dataset_b\ses_20260701-190250-NEELA9BAF\chunk_20260701-1900-NEELA9BAF\events.jsonl,412,evt_c942f243-8fff-4cb6-b320-50ea2f4e7776,mouse_click
ses_20260701-190250-NEELA9BAF,2026-07-01T19:06:25.821000+00:00,12,2026-07-01T19:06:26.219000+00:00,0.39800000190734863,C:\Users\Gaurav Rathod\Downloads\automation-proposal\raw_data\dataset-downloads\dataset_b-20260908T164438Z-1-001\dataset_b\ses_20260701-190250-NEELA9BAF\chunk_20260701-1900-NEELA9BAF\events.jsonl,409,evt_c2017e25-6a4a-4128-9f7d-edaaf724d73e,browser_click
ses_20260701-190250-NEELA9BAF,2026-07-01T19:06:25.879000+00:00,12,2026-07-01T19:06:26.219000+00:00,0.3400001525878906,C:\Users\Gaurav Rathod\Downloads\automation-proposal\raw_data\dataset-downloads\dataset_b-20260908T164438Z-1-001\dataset_b\ses_20260701-190250-NEELA9BAF\chunk_20260701-1900-NEELA9BAF\events.jsonl,411,evt_c39f5b82-48c8-48df-8ea4-40343215c1ba,screenshot_smart
ses_20260701-190250-NEELA9BAF,2026-07-01T19:06:25.917000+00:00,12,2026-07-01T19:06:26.219000+00:00,0.3020000457763672,C:\Users\Gaurav Rathod\Downloads\automation-proposal\raw_data\dataset-downloads\dataset_b-20260908T164438Z-1-001\dataset_b\ses_20260701-190250-NEELA9BAF\chunk_20260701-1900-NEELA9BAF\events.jsonl,410,evt_4f059b5b-4a67-46b6-be71-bfe514fb1a5f,mouse_scroll
ses_20260701-191537-LAPTOP-76QMG9DE,2026-07-01T19:18:59.616000+00:00,5,2026-07-01T19:18:59.798000+00:00,0.18200016021728516,C:\Users\Gaurav Rathod\Downloads\automation-proposal\raw_data\dataset-downloads\dataset_b-20260908T164438Z-1-001\dataset_b\ses_20260701-191537-LAPTOP-76QMG9DE\chunk_20260701-1900-LAPTOP-76QMG9DE\events.jsonl,366,evt_0957c830-3f92-4571-aefd-eab23c1d7d1f,browser_form_input
ses_20260701-191537-LAPTOP-76QMG9DE,2026-07-01T19:20:27.155000+00:00,12,2026-07-01T19:20:27.798000+00:00,0.6430001258850098,C:\Users\Gaurav Rathod\Downloads\automation-proposal\raw_data\dataset-downloads\dataset_b-20260908T164438Z-1-001\dataset_b\ses_20260701-191537-LAPTOP-76QMG9DE\chunk_20260701-1900-LAPTOP-76QMG9DE\events.jsonl,555,evt_64eec7ee-1050-489c-9ee8-0e5b837b6817,app_switch
ses_20260701-191537-LAPTOP-76QMG9DE,2026-07-01T19:20:27.254000+00:00,12,2026-07-01T19:20:27.798000+00:00,0.5440001487731934,C:\Users\Gaurav Rathod\Downloads\automation-proposal\raw_data\dataset-downloads\dataset_b-20260908T164438Z-1-001\dataset_b\ses_20260701-191537-LAPTOP-76QMG9DE\chunk_20260701-1900-LAPTOP-76QMG9DE\events.jsonl,556,evt_45493980-b05a-4988-99a1-cb63d42588f1,screenshot_smart
ses_20260701-191537-LAPTOP-76QMG9DE,2026-07-01T19:25:24.491000+00:00,23,2026-07-01T19:25:23.798000+00:00,0.6929998397827148,C:\Users\Gaurav Rathod\Downloads\automation-proposal\raw_data\dataset-downloads\dataset_b-20260908T164438Z-1-001\dataset_b\ses_20260701-191537-LAPTOP-76QMG9DE\chunk_20260701-1900-LAPTOP-76QMG9DE\events.jsonl,1209,evt_aa80c77e-82c8-4933-b866-14f9d1005478,browser_form_input
ses_20260701-191537-LAPTOP-76QMG9DE,2026-07-01T19:25:24.643000+00:00,23,2026-07-01T19:25:23.798000+00:00,0.8449997901916504,C:\Users\Gaurav Rathod\Downloads\automation-proposal\raw_data\dataset-downloads\dataset_b-20260908T164438Z-1-001\dataset_b\ses_20260701-191537-LAPTOP-76QMG9DE\chunk_20260701-1900-LAPTOP-76QMG9DE\events.jsonl,1212,evt_3a1112c0-3945-41a7-9280-06bc62919bbd,mouse_click
ses_20260701-191537-LAPTOP-76QMG9DE,2026-07-01T19:25:24.648000+00:00,23,2026-07-01T19:25:23.798000+00:00,0.8499999046325684,C:\Users\Gaurav Rathod\Downloads\automation-proposal\raw_data\dataset-downloads\dataset_b-20260908T164438Z-1-001\dataset_b\ses_20260701-191537-LAPTOP-76QMG9DE\chunk_20260701-1900-LAPTOP-76QMG9DE\events.jsonl,1210,evt_290fd00e-c15f-4f84-bfd9-2ec855cfdfb2,browser_click
ses_20260701-191537-LAPTOP-76QMG9DE,2026-07-01T19:25:24.678000+00:00,23,2026-07-01T19:25:23.798000+00:00,0.8799998760223389,C:\Users\Gaurav Rathod\Downloads\automation-proposal\raw_data\dataset-downloads\dataset_b-20260908T164438Z-1-001\dataset_b\ses_20260701-191537-LAPTOP-76QMG9DE\chunk_20260701-1900-LAPTOP-76QMG9DE\events.jsonl,1211,evt_32603fa4-6da8-4214-8cf5-410b131ddeb4,screenshot_smart
ses_20260701-192455-NEELA9BAF,2026-07-01T19:28:56.442000+00:00,6,2026-07-01T19:28:55.727000+00:00,0.7149999141693115,C:\Users\Gaurav Rathod\Downloads\automation-proposal\raw_data\dataset-downloads\dataset_b-20260908T164438Z-1-001\dataset_b\ses_20260701-192455-NEELA9BAF\chunk_20260701-1900-NEELA9BAF\events.jsonl,322,evt_f704394f-0bfa-42b3-bdf1-82810b24a320,mouse_click
ses_20260701-192455-NEELA9BAF,2026-07-01T19:29:08.701000+00:00,7,2026-07-01T19:29:07.727000+00:00,0.9739999771118164,C:\Users\Gaurav Rathod\Downloads\automation-proposal\raw_data\dataset-downloads\dataset_b-20260908T164438Z-1-001\dataset_b\ses_20260701-192455-NEELA9BAF\chunk_20260701-1900-NEELA9BAF\events.jsonl,334,evt_812351f7-08e1-4795-97f5-31bd0688f14f,mouse_click
ses_20260701-192455-NEELA9BAF,2026-07-01T19:31:43.183000+00:00,12,2026-07-01T19:31:43.727000+00:00,0.5439999103546143,C:\Users\Gaurav Rathod\Downloads\automation-proposal\raw_data\dataset-downloads\dataset_b-20260908T164438Z-1-001\dataset_b\ses_20260701-192455-NEELA9BAF\chunk_20260701-1930-NEELA9BAF\events.jsonl,175,evt_1b2f34b0-bfc7-45ec-bc05-00277671e91e,clipboard_change
ses_20260701-192455-NEELA9BAF,2026-07-01T19:31:43.245000+00:00,12,2026-07-01T19:31:43.727000+00:00,0.48200011253356934,C:\Users\Gaurav Rathod\Downloads\automation-proposal\raw_data\dataset-downloads\dataset_b-20260908T164438Z-1-001\dataset_b\ses_20260701-192455-NEELA9BAF\chunk_20260701-1930-NEELA9BAF\events.jsonl,176,evt_be327ca7-db10-4163-b026-145073f298c5,shortcut
ses_20260701-192455-NEELA9BAF,2026-07-01T19:31:43.245000+00:00,12,2026-07-01T19:31:43.727000+00:00,0.48200011253356934,C:\Users\Gaurav Rathod\Downloads\automation-proposal\raw_data\dataset-downloads\dataset_b-20260908T164438Z-1-001\dataset_b\ses_20260701-192455-NEELA9BAF\chunk_20260701-1930-NEELA9BAF\events.jsonl,177,evt_c3b0d54b-b187-4256-914d-3479f903f4b9,keystroke
ses_20260701-192455-NEELA9BAF,2026-07-01T19:31:43.246000+00:00,12,2026-07-01T19:31:43.727000+00:00,0.4809999465942383,C:\Users\Gaurav Rathod\Downloads\automation-proposal\raw_data\dataset-downloads\dataset_b-20260908T164438Z-1-001\dataset_b\ses_20260701-192455-NEELA9BAF\chunk_20260701-1930-NEELA9BAF\events.jsonl,178,evt_d16ab4c0-7322-4f20-8cab-02a2faa823d0,keystroke
ses_20260701-192455-NEELA9BAF,2026-07-01T19:31:43.269000+00:00,12,2026-07-01T19:31:43.727000+00:00,0.45799994468688965,C:\Users\Gaurav Rathod\Downloads\automation-proposal\raw_data\dataset-downloads\dataset_b-20260908T164438Z-1-001\dataset_b\ses_20260701-192455-NEELA9BAF\chunk_20260701-1930-NEELA9BAF\events.jsonl,180,evt_41f8a433-4836-447b-9fb3-053effa40004,screenshot_smart
ses_20260701-192455-NEELA9BAF,2026-07-01T19:32:12.612000+00:00,13,2026-07-01T19:32:11.727000+00:00,0.8849999904632568,C:\Users\Gaurav Rathod\Downloads\automation-proposal\raw_data\dataset-downloads\dataset_b-20260908T164438Z-1-001\dataset_b\ses_20260701-192455-NEELA9BAF\chunk_20260701-1930-NEELA9BAF\events.jsonl,228,evt_47340420-eb99-466c-8e59-132990f339e6,mouse_click
