family,observed_case_type,direct_ocr_segments,sessions,evidence_terms,routes,key_fields,actions_status,document_pattern,handling_variants,classification,reason
pi,expense_reimbursement,72,14,expense reimbursement | expense settlement,,department:71 | amount:60 | type:58 | employee id:57 | status:57 | processing comment:50 | resident tax:45 | attendance:45 | name:26 | full name:24,unprocessed:67 | approve:50 | hold:38 | awaiting_processing:15 | processing_complete:1 | unconfirmed:1,Notepad/text:72 | Word/document:64 | Excel/spreadsheet:8,word_assisted:64 | notepad_assisted:8,OBSERVED CASE TYPE — NOT SEPARATE WORKLOAD,"Direct OCR shows this business theme. Counts may overlap with other case types shown on the same screen, so they are not additive and are not used for family workload priority."
pi,payroll_change,45,11,payroll change,,resident tax:45 | attendance:45 | department:45 | type:34 | amount:34 | employee id:33 | status:33 | processing comment:31 | category:22 | full name:10,unprocessed:43 | hold:27 | approve:24 | awaiting_processing:5 | processing_complete:1,Notepad/text:45 | Word/document:37,word_assisted:37 | notepad_assisted:8,OBSERVED CASE TYPE — NOT SEPARATE WORKLOAD,"Direct OCR shows this business theme. Counts may overlap with other case types shown on the same screen, so they are not additive and are not used for family workload priority."
pi,dependent_deduction,34,10,dependent deduction,,resident tax:34 | attendance:34 | department:34 | amount:28 | processing comment:27 | employee id:27 | type:27 | status:27 | category:17 | full name:7,unprocessed:34 | hold:27 | approve:20 | awaiting_processing:4 | processing_complete:1,Notepad/text:34 | Word/document:27,word_assisted:27 | notepad_assisted:7,OBSERVED CASE TYPE — NOT SEPARATE WORKLOAD,"Direct OCR shows this business theme. Counts may overlap with other case types shown on the same screen, so they are not additive and are not used for family workload priority."
pi,transportation_expense,23,8,transportation expense,,resident tax:23 | attendance:23 | department:23 | type:17 | amount:17 | employee id:16 | status:16 | processing comment:15 | category:11 | full name:7,unprocessed:23 | hold:14 | approve:13 | awaiting_processing:4,Notepad/text:23 | Word/document:17,word_assisted:17 | notepad_assisted:6,OBSERVED CASE TYPE — NOT SEPARATE WORKLOAD,"Direct OCR shows this business theme. Counts may overlap with other case types shown on the same screen, so they are not additive and are not used for family workload priority."
la,attendance_leave,9,6,attendance | leave | vacation,,resident tax:9 | attendance:9 | employee id:9 | full name:9 | type:9 | department:9 | status:9 | name:9 | paid leave:8 | category:1,approve:9 | unprocessed:1,Notepad/text:9 | Word/document:8,word_assisted:8 | notepad_assisted:1,OBSERVED CASE TYPE — NOT SEPARATE WORKLOAD,"Direct OCR shows this business theme. Counts may overlap with other case types shown on the same screen, so they are not additive and are not used for family workload priority."
la,paid_leave,8,5,paid leave,,resident tax:8 | attendance:8 | employee id:8 | paid leave:8 | full name:8 | type:8 | department:8 | status:8 | name:8,approve:8,Notepad/text:8 | Word/document:7,word_assisted:7 | notepad_assisted:1,OBSERVED CASE TYPE — NOT SEPARATE WORKLOAD,"Direct OCR shows this business theme. Counts may overlap with other case types shown on the same screen, so they are not additive and are not used for family workload priority."
ob,onboarding,7,4,joining | onboarding,,resident tax:7 | attendance:7 | start date:7 | category:7 | employee id:7 | my number:7 | full name:7 | health insurance:7 | department:7 | status:7,approve:3 | unprocessed:2 | unconfirmed:2 | hold:1,Notepad/text:7 | Word/document:7,word_assisted:7,OBSERVED CASE TYPE — NOT SEPARATE WORKLOAD,"Direct OCR shows this business theme. Counts may overlap with other case types shown on the same screen, so they are not additive and are not used for family workload priority."
ob,onboarding_insurance,7,4,employment insurance | health insurance,,resident tax:7 | attendance:7 | start date:7 | category:7 | employee id:7 | my number:7 | full name:7 | health insurance:7 | department:7 | status:7,approve:3 | unprocessed:2 | unconfirmed:2 | hold:1,Notepad/text:7 | Word/document:7,word_assisted:7,OBSERVED CASE TYPE — NOT SEPARATE WORKLOAD,"Direct OCR shows this business theme. Counts may overlap with other case types shown on the same screen, so they are not additive and are not used for family workload priority."
ob,onboarding_allowances,6,4,commuting allowance | family allowance,,resident tax:6 | attendance:6 | commuting allowance:6 | start date:6 | category:6 | employee id:6 | my number:6 | full name:6 | amount:6 | health insurance:6,unprocessed:2 | approve:2 | hold:1 | unconfirmed:1,Notepad/text:6 | Word/document:6,word_assisted:6,OBSERVED CASE TYPE — NOT SEPARATE WORKLOAD,"Direct OCR shows this business theme. Counts may overlap with other case types shown on the same screen, so they are not additive and are not used for family workload priority."
ob,my_number,7,4,my number,,resident tax:7 | attendance:7 | start date:7 | category:7 | employee id:7 | my number:7 | full name:7 | health insurance:7 | department:7 | status:7,approve:3 | unprocessed:2 | unconfirmed:2 | hold:1,Notepad/text:7 | Word/document:7,word_assisted:7,OBSERVED CASE TYPE — NOT SEPARATE WORKLOAD,"Direct OCR shows this business theme. Counts may overlap with other case types shown on the same screen, so they are not additive and are not used for family workload priority."
si,social_insurance,4,3,social insurance,,resident tax:4 | attendance:4 | social insurance:4 | employee id:4 | full name:4 | family allowance:4 | type:4 | department:4 | status:4 | name:4,processing_complete:4 | approve:2 | awaiting_processing:1 | unprocessed:1,Notepad/text:4 | Word/document:3,word_assisted:3 | notepad_assisted:1,OBSERVED CASE TYPE — NOT SEPARATE WORKLOAD,"Direct OCR shows this business theme. Counts may overlap with other case types shown on the same screen, so they are not additive and are not used for family workload priority."
si,maternity_leave,4,3,maternity leave,,resident tax:4 | attendance:4 | social insurance:4 | employee id:4 | full name:4 | family allowance:4 | type:4 | department:4 | status:4 | name:4,processing_complete:4 | approve:2 | awaiting_processing:1 | unprocessed:1,Notepad/text:4 | Word/document:3,word_assisted:3 | notepad_assisted:1,OBSERVED CASE TYPE — NOT SEPARATE WORKLOAD,"Direct OCR shows this business theme. Counts may overlap with other case types shown on the same screen, so they are not additive and are not used for family workload priority."
si,childcare_leave,4,3,childcare leave,,resident tax:4 | attendance:4 | social insurance:4 | employee id:4 | full name:4 | family allowance:4 | type:4 | department:4 | status:4 | name:4,processing_complete:4 | approve:2 | awaiting_processing:1 | unprocessed:1,Notepad/text:4 | Word/document:3,word_assisted:3 | notepad_assisted:1,OBSERVED CASE TYPE — NOT SEPARATE WORKLOAD,"Direct OCR shows this business theme. Counts may overlap with other case types shown on the same screen, so they are not additive and are not used for family workload priority."
si,insurance_exemption,4,3,exemption,,resident tax:4 | attendance:4 | social insurance:4 | employee id:4 | full name:4 | family allowance:4 | type:4 | department:4 | status:4 | name:4,processing_complete:4 | approve:2 | awaiting_processing:1 | unprocessed:1,Notepad/text:4 | Word/document:3,word_assisted:3 | notepad_assisted:1,OBSERVED CASE TYPE — NOT SEPARATE WORKLOAD,"Direct OCR shows this business theme. Counts may overlap with other case types shown on the same screen, so they are not additive and are not used for family workload priority."
