family,candidate_process,classification,confidence,direct_ocr_segments,direct_ocr_segment_share_pct,sessions,operators,evidence_terms,routes,key_fields,actions_status,document_pattern,handling_variants,representative_segments,reason
pi,expense_reimbursement,OBSERVED_CASE_TYPE,high,72,72.0,14,0,expense reimbursement | expense settlement,,department:71 | amount:60 | type:58 | employee id:57 | status:57 | processing comment:50 | resident tax:45 | attendance:45 | name:26 | full name:24,unprocessed:67 | approve:50 | hold:38 | awaiting_processing:15 | processing_complete:1 | unconfirmed:1,Notepad/text:72 | Word/document:64 | Excel/spreadsheet:8,word_assisted:64 | notepad_assisted:8,ses_20260701-164424-CHAITANYA0BCF::10 | ses_20260701-164424-CHAITANYA0BCF::2 | ses_20260701-164424-CHAITANYA0BCF::22 | ses_20260701-164424-CHAITANYA0BCF::23 | ses_20260701-164424-CHAITANYA0BCF::5 | ses_20260701-164424-CHAITANYA0BCF::6 | ses_20260701-164424-CHAITANYA0BCF::8 | ses_20260701-171614-CHAITANYA0BCF::27 | ses_20260701-171614-CHAITANYA0BCF::41 | ses_20260701-173246-SIDDHIGUPTAB00B::3 | ses_20260701-173246-SIDDHIGUPTAB00B::32 | ses_20260701-173246-SIDDHIGUPTAB00B::36 | ses_20260701-173246-SIDDHIGUPTAB00B::4 | ses_20260701-173642-NEELA9BAF::21 | ses_20260701-173642-NEELA9BAF::25,"Business-purpose terminology recurs in direct OCR across multiple segments and sessions. This is an observed case type, not yet a confirmed distinct workflow."
pi,payroll_change,OBSERVED_CASE_TYPE,high,45,45.0,11,0,payroll change,,resident tax:45 | attendance:45 | department:45 | type:34 | amount:34 | employee id:33 | status:33 | processing comment:31 | category:22 | full name:10,unprocessed:43 | hold:27 | approve:24 | awaiting_processing:5 | processing_complete:1,Notepad/text:45 | Word/document:37,word_assisted:37 | notepad_assisted:8,ses_20260701-164424-CHAITANYA0BCF::6 | ses_20260701-171614-CHAITANYA0BCF::27 | ses_20260701-171614-CHAITANYA0BCF::41 | ses_20260701-173246-SIDDHIGUPTAB00B::3 | ses_20260701-173246-SIDDHIGUPTAB00B::32 | ses_20260701-173246-SIDDHIGUPTAB00B::36 | ses_20260701-173246-SIDDHIGUPTAB00B::4 | ses_20260701-173642-NEELA9BAF::29 | ses_20260701-175258-LAPTOP-76QMG9DE::11 | ses_20260701-175258-LAPTOP-76QMG9DE::9 | ses_20260701-175747-SIDDHIGUPTAB00B::30 | ses_20260701-175747-SIDDHIGUPTAB00B::31 | ses_20260701-175747-SIDDHIGUPTAB00B::38 | ses_20260701-175747-SIDDHIGUPTAB00B::39 | ses_20260701-175747-SIDDHIGUPTAB00B::6,"Business-purpose terminology recurs in direct OCR across multiple segments and sessions. This is an observed case type, not yet a confirmed distinct workflow."
pi,dependent_deduction,OBSERVED_CASE_TYPE,high,34,34.0,10,0,dependent deduction,,resident tax:34 | attendance:34 | department:34 | amount:28 | processing comment:27 | employee id:27 | type:27 | status:27 | category:17 | full name:7,unprocessed:34 | hold:27 | approve:20 | awaiting_processing:4 | processing_complete:1,Notepad/text:34 | Word/document:27,word_assisted:27 | notepad_assisted:7,ses_20260701-164424-CHAITANYA0BCF::6 | ses_20260701-171614-CHAITANYA0BCF::27 | ses_20260701-171614-CHAITANYA0BCF::41 | ses_20260701-173246-SIDDHIGUPTAB00B::32 | ses_20260701-173246-SIDDHIGUPTAB00B::36 | ses_20260701-173246-SIDDHIGUPTAB00B::4 | ses_20260701-173642-NEELA9BAF::29 | ses_20260701-175258-LAPTOP-76QMG9DE::11 | ses_20260701-175258-LAPTOP-76QMG9DE::9 | ses_20260701-175747-SIDDHIGUPTAB00B::30 | ses_20260701-175747-SIDDHIGUPTAB00B::31 | ses_20260701-175747-SIDDHIGUPTAB00B::38 | ses_20260701-175747-SIDDHIGUPTAB00B::6 | ses_20260701-175747-SIDDHIGUPTAB00B::7 | ses_20260701-183232-LAPTOP-76QMG9DE::1,"Business-purpose terminology recurs in direct OCR across multiple segments and sessions. This is an observed case type, not yet a confirmed distinct workflow."
pi,transportation_expense,OBSERVED_CASE_TYPE,high,23,23.0,8,0,transportation expense,,resident tax:23 | attendance:23 | department:23 | type:17 | amount:17 | employee id:16 | status:16 | processing comment:15 | category:11 | full name:7,unprocessed:23 | hold:14 | approve:13 | awaiting_processing:4,Notepad/text:23 | Word/document:17,word_assisted:17 | notepad_assisted:6,ses_20260701-173246-SIDDHIGUPTAB00B::3 | ses_20260701-173246-SIDDHIGUPTAB00B::32 | ses_20260701-173246-SIDDHIGUPTAB00B::4 | ses_20260701-173642-NEELA9BAF::29 | ses_20260701-175258-LAPTOP-76QMG9DE::11 | ses_20260701-175258-LAPTOP-76QMG9DE::9 | ses_20260701-175747-SIDDHIGUPTAB00B::31 | ses_20260701-175747-SIDDHIGUPTAB00B::38 | ses_20260701-175747-SIDDHIGUPTAB00B::39 | ses_20260701-175747-SIDDHIGUPTAB00B::6 | ses_20260701-180923-NEELA9BAF::20 | ses_20260701-180923-NEELA9BAF::33 | ses_20260701-183232-LAPTOP-76QMG9DE::7 | ses_20260701-183232-LAPTOP-76QMG9DE::8 | ses_20260701-183232-LAPTOP-76QMG9DE::9,"Business-purpose terminology recurs in direct OCR across multiple segments and sessions. This is an observed case type, not yet a confirmed distinct workflow."
la,attendance_leave,OBSERVED_CASE_TYPE,high,9,42.857142857142854,6,0,attendance | leave | vacation,,resident tax:9 | attendance:9 | employee id:9 | full name:9 | type:9 | department:9 | status:9 | name:9 | paid leave:8 | category:1,approve:9 | unprocessed:1,Notepad/text:9 | Word/document:8,word_assisted:8 | notepad_assisted:1,ses_20260701-175258-LAPTOP-76QMG9DE::26 | ses_20260701-175747-SIDDHIGUPTAB00B::28 | ses_20260701-180923-NEELA9BAF::27 | ses_20260701-180923-NEELA9BAF::29 | ses_20260701-181413-LAPTOP-76QMG9DE::29 | ses_20260701-181413-LAPTOP-76QMG9DE::5 | ses_20260701-181913-SIDDHIGUPTAB00B::8 | ses_20260701-181913-SIDDHIGUPTAB00B::9 | ses_20260701-182634-NEELA9BAF::15,"Business-purpose terminology recurs in direct OCR across multiple segments and sessions. This is an observed case type, not yet a confirmed distinct workflow."
la,paid_leave,OBSERVED_CASE_TYPE,high,8,38.095238095238095,5,0,paid leave,,resident tax:8 | attendance:8 | employee id:8 | paid leave:8 | full name:8 | type:8 | department:8 | status:8 | name:8,approve:8,Notepad/text:8 | Word/document:7,word_assisted:7 | notepad_assisted:1,ses_20260701-175747-SIDDHIGUPTAB00B::28 | ses_20260701-180923-NEELA9BAF::27 | ses_20260701-180923-NEELA9BAF::29 | ses_20260701-181413-LAPTOP-76QMG9DE::29 | ses_20260701-181413-LAPTOP-76QMG9DE::5 | ses_20260701-181913-SIDDHIGUPTAB00B::8 | ses_20260701-181913-SIDDHIGUPTAB00B::9 | ses_20260701-182634-NEELA9BAF::15,"Business-purpose terminology recurs in direct OCR across multiple segments and sessions. This is an observed case type, not yet a confirmed distinct workflow."
la,overtime_holiday,WEAK_OBSERVATION,low,1,4.761904761904762,1,0,holiday,,resident tax:1 | attendance:1 | employee id:1 | paid leave:1 | full name:1 | type:1 | department:1 | status:1 | name:1,approve:1,Notepad/text:1 | Word/document:1,word_assisted:1,ses_20260701-181413-LAPTOP-76QMG9DE::29,"Business-purpose terminology is observed, but recurrence is insufficient to establish a separate workflow."
ob,onboarding,OBSERVED_CASE_TYPE,high,7,58.333333333333336,4,0,joining | onboarding,,resident tax:7 | attendance:7 | start date:7 | category:7 | employee id:7 | my number:7 | full name:7 | health insurance:7 | department:7 | status:7,approve:3 | unprocessed:2 | unconfirmed:2 | hold:1,Notepad/text:7 | Word/document:7,word_assisted:7,ses_20260701-171614-CHAITANYA0BCF::14 | ses_20260701-171614-CHAITANYA0BCF::36 | ses_20260701-171614-CHAITANYA0BCF::38 | ses_20260701-173246-SIDDHIGUPTAB00B::13 | ses_20260701-173246-SIDDHIGUPTAB00B::39 | ses_20260701-175258-LAPTOP-76QMG9DE::12 | ses_20260701-180923-NEELA9BAF::12,"Business-purpose terminology recurs in direct OCR across multiple segments and sessions. This is an observed case type, not yet a confirmed distinct workflow."
ob,onboarding_insurance,OBSERVED_CASE_TYPE,high,7,58.333333333333336,4,0,employment insurance | health insurance,,resident tax:7 | attendance:7 | start date:7 | category:7 | employee id:7 | my number:7 | full name:7 | health insurance:7 | department:7 | status:7,approve:3 | unprocessed:2 | unconfirmed:2 | hold:1,Notepad/text:7 | Word/document:7,word_assisted:7,ses_20260701-171614-CHAITANYA0BCF::14 | ses_20260701-171614-CHAITANYA0BCF::36 | ses_20260701-171614-CHAITANYA0BCF::38 | ses_20260701-173246-SIDDHIGUPTAB00B::13 | ses_20260701-173246-SIDDHIGUPTAB00B::39 | ses_20260701-175258-LAPTOP-76QMG9DE::12 | ses_20260701-180923-NEELA9BAF::12,"Business-purpose terminology recurs in direct OCR across multiple segments and sessions. This is an observed case type, not yet a confirmed distinct workflow."
ob,onboarding_allowances,OBSERVED_CASE_TYPE,high,6,50.0,4,0,commuting allowance | family allowance,,resident tax:6 | attendance:6 | commuting allowance:6 | start date:6 | category:6 | employee id:6 | my number:6 | full name:6 | amount:6 | health insurance:6,unprocessed:2 | approve:2 | hold:1 | unconfirmed:1,Notepad/text:6 | Word/document:6,word_assisted:6,ses_20260701-171614-CHAITANYA0BCF::14 | ses_20260701-171614-CHAITANYA0BCF::38 | ses_20260701-173246-SIDDHIGUPTAB00B::13 | ses_20260701-173246-SIDDHIGUPTAB00B::39 | ses_20260701-175258-LAPTOP-76QMG9DE::12 | ses_20260701-180923-NEELA9BAF::12,"Business-purpose terminology recurs in direct OCR across multiple segments and sessions. This is an observed case type, not yet a confirmed distinct workflow."
ob,my_number,OBSERVED_CASE_TYPE,high,7,58.333333333333336,4,0,my number,,resident tax:7 | attendance:7 | start date:7 | category:7 | employee id:7 | my number:7 | full name:7 | health insurance:7 | department:7 | status:7,approve:3 | unprocessed:2 | unconfirmed:2 | hold:1,Notepad/text:7 | Word/document:7,word_assisted:7,ses_20260701-171614-CHAITANYA0BCF::14 | ses_20260701-171614-CHAITANYA0BCF::36 | ses_20260701-171614-CHAITANYA0BCF::38 | ses_20260701-173246-SIDDHIGUPTAB00B::13 | ses_20260701-173246-SIDDHIGUPTAB00B::39 | ses_20260701-175258-LAPTOP-76QMG9DE::12 | ses_20260701-180923-NEELA9BAF::12,"Business-purpose terminology recurs in direct OCR across multiple segments and sessions. This is an observed case type, not yet a confirmed distinct workflow."
si,social_insurance,OBSERVED_CASE_TYPE,medium,4,28.57142857142857,3,0,social insurance,,resident tax:4 | attendance:4 | social insurance:4 | employee id:4 | full name:4 | family allowance:4 | type:4 | department:4 | status:4 | name:4,processing_complete:4 | approve:2 | awaiting_processing:1 | unprocessed:1,Notepad/text:4 | Word/document:3,word_assisted:3 | notepad_assisted:1,ses_20260701-171614-CHAITANYA0BCF::30 | ses_20260701-173246-SIDDHIGUPTAB00B::8 | ses_20260701-173642-NEELA9BAF::39 | ses_20260701-173642-NEELA9BAF::8,"Business-purpose terminology recurs in direct OCR across multiple segments and sessions. This is an observed case type, not yet a confirmed distinct workflow."
si,maternity_leave,OBSERVED_CASE_TYPE,medium,4,28.57142857142857,3,0,maternity leave,,resident tax:4 | attendance:4 | social insurance:4 | employee id:4 | full name:4 | family allowance:4 | type:4 | department:4 | status:4 | name:4,processing_complete:4 | approve:2 | awaiting_processing:1 | unprocessed:1,Notepad/text:4 | Word/document:3,word_assisted:3 | notepad_assisted:1,ses_20260701-171614-CHAITANYA0BCF::30 | ses_20260701-173246-SIDDHIGUPTAB00B::8 | ses_20260701-173642-NEELA9BAF::39 | ses_20260701-173642-NEELA9BAF::8,"Business-purpose terminology recurs in direct OCR across multiple segments and sessions. This is an observed case type, not yet a confirmed distinct workflow."
si,childcare_leave,OBSERVED_CASE_TYPE,medium,4,28.57142857142857,3,0,childcare leave,,resident tax:4 | attendance:4 | social insurance:4 | employee id:4 | full name:4 | family allowance:4 | type:4 | department:4 | status:4 | name:4,processing_complete:4 | approve:2 | awaiting_processing:1 | unprocessed:1,Notepad/text:4 | Word/document:3,word_assisted:3 | notepad_assisted:1,ses_20260701-171614-CHAITANYA0BCF::30 | ses_20260701-173246-SIDDHIGUPTAB00B::8 | ses_20260701-173642-NEELA9BAF::39 | ses_20260701-173642-NEELA9BAF::8,"Business-purpose terminology recurs in direct OCR across multiple segments and sessions. This is an observed case type, not yet a confirmed distinct workflow."
si,insurance_exemption,OBSERVED_CASE_TYPE,medium,4,28.57142857142857,3,0,exemption,,resident tax:4 | attendance:4 | social insurance:4 | employee id:4 | full name:4 | family allowance:4 | type:4 | department:4 | status:4 | name:4,processing_complete:4 | approve:2 | awaiting_processing:1 | unprocessed:1,Notepad/text:4 | Word/document:3,word_assisted:3 | notepad_assisted:1,ses_20260701-171614-CHAITANYA0BCF::30 | ses_20260701-173246-SIDDHIGUPTAB00B::8 | ses_20260701-173642-NEELA9BAF::39 | ses_20260701-173642-NEELA9BAF::8,"Business-purpose terminology recurs in direct OCR across multiple segments and sessions. This is an observed case type, not yet a confirmed distinct workflow."
