family,observed_case_type,direct_ocr_segment_count,share_of_family_all_segments_pct,share_of_family_ocr_observed_segments_pct,sessions,total_duration_seconds,median_duration_seconds,mean_events_per_segment,word_pct,excel_pct,notepad_pct,clipboard_pct,browser_interaction_pct,field_evidence_pct,representative_segments
la,attendance_leave,9,9.090909090909092,100.0,6,306.0,36.0,63.111111111111114,88.88888888888889,0.0,100.0,100.0,100.0,100.0,ses_20260701-175258-LAPTOP-76QMG9DE::26 | ses_20260701-175747-SIDDHIGUPTAB00B::28 | ses_20260701-180923-NEELA9BAF::27 | ses_20260701-180923-NEELA9BAF::29 | ses_20260701-181413-LAPTOP-76QMG9DE::29 | ses_20260701-181413-LAPTOP-76QMG9DE::5 | ses_20260701-181913-SIDDHIGUPTAB00B::8 | ses_20260701-181913-SIDDHIGUPTAB00B::9 | ses_20260701-182634-NEELA9BAF::15
la,paid_leave,8,8.080808080808081,88.88888888888889,5,258.0,33.0,58.125,87.5,0.0,100.0,100.0,100.0,100.0,ses_20260701-175747-SIDDHIGUPTAB00B::28 | ses_20260701-180923-NEELA9BAF::27 | ses_20260701-180923-NEELA9BAF::29 | ses_20260701-181413-LAPTOP-76QMG9DE::29 | ses_20260701-181413-LAPTOP-76QMG9DE::5 | ses_20260701-181913-SIDDHIGUPTAB00B::8 | ses_20260701-181913-SIDDHIGUPTAB00B::9 | ses_20260701-182634-NEELA9BAF::15
la,overtime_holiday,1,1.0101010101010102,11.11111111111111,1,24.0,24.0,39.0,100.0,0.0,100.0,100.0,100.0,100.0,ses_20260701-181413-LAPTOP-76QMG9DE::29
ob,my_number,7,9.090909090909092,100.0,4,310.0,46.0,85.42857142857143,100.0,0.0,100.0,100.0,100.0,100.0,ses_20260701-171614-CHAITANYA0BCF::14 | ses_20260701-171614-CHAITANYA0BCF::36 | ses_20260701-171614-CHAITANYA0BCF::38 | ses_20260701-173246-SIDDHIGUPTAB00B::13 | ses_20260701-173246-SIDDHIGUPTAB00B::39 | ses_20260701-175258-LAPTOP-76QMG9DE::12 | ses_20260701-180923-NEELA9BAF::12
ob,onboarding,7,9.090909090909092,100.0,4,310.0,46.0,85.42857142857143,100.0,0.0,100.0,100.0,100.0,100.0,ses_20260701-171614-CHAITANYA0BCF::14 | ses_20260701-171614-CHAITANYA0BCF::36 | ses_20260701-171614-CHAITANYA0BCF::38 | ses_20260701-173246-SIDDHIGUPTAB00B::13 | ses_20260701-173246-SIDDHIGUPTAB00B::39 | ses_20260701-175258-LAPTOP-76QMG9DE::12 | ses_20260701-180923-NEELA9BAF::12
ob,onboarding_insurance,7,9.090909090909092,100.0,4,310.0,46.0,85.42857142857143,100.0,0.0,100.0,100.0,100.0,100.0,ses_20260701-171614-CHAITANYA0BCF::14 | ses_20260701-171614-CHAITANYA0BCF::36 | ses_20260701-171614-CHAITANYA0BCF::38 | ses_20260701-173246-SIDDHIGUPTAB00B::13 | ses_20260701-173246-SIDDHIGUPTAB00B::39 | ses_20260701-175258-LAPTOP-76QMG9DE::12 | ses_20260701-180923-NEELA9BAF::12
ob,onboarding_allowances,6,7.792207792207792,85.71428571428571,4,290.0,49.0,92.0,100.0,0.0,100.0,100.0,100.0,100.0,ses_20260701-171614-CHAITANYA0BCF::14 | ses_20260701-171614-CHAITANYA0BCF::38 | ses_20260701-173246-SIDDHIGUPTAB00B::13 | ses_20260701-173246-SIDDHIGUPTAB00B::39 | ses_20260701-175258-LAPTOP-76QMG9DE::12 | ses_20260701-180923-NEELA9BAF::12
pi,expense_reimbursement,72,34.44976076555024,100.0,14,1682.0,18.0,44.208333333333336,88.88888888888889,11.11111111111111,100.0,95.83333333333334,84.72222222222221,100.0,ses_20260701-164424-CHAITANYA0BCF::10 | ses_20260701-164424-CHAITANYA0BCF::2 | ses_20260701-164424-CHAITANYA0BCF::22 | ses_20260701-164424-CHAITANYA0BCF::23 | ses_20260701-164424-CHAITANYA0BCF::5 | ses_20260701-164424-CHAITANYA0BCF::6 | ses_20260701-164424-CHAITANYA0BCF::8 | ses_20260701-171614-CHAITANYA0BCF::27 | ses_20260701-171614-CHAITANYA0BCF::41 | ses_20260701-173246-SIDDHIGUPTAB00B::3 | ses_20260701-173246-SIDDHIGUPTAB00B::32 | ses_20260701-173246-SIDDHIGUPTAB00B::36 | ses_20260701-173246-SIDDHIGUPTAB00B::4 | ses_20260701-173642-NEELA9BAF::21 | ses_20260701-173642-NEELA9BAF::25
pi,payroll_change,45,21.5311004784689,62.5,11,916.0,14.0,39.53333333333333,82.22222222222221,0.0,100.0,97.77777777777777,86.66666666666667,100.0,ses_20260701-164424-CHAITANYA0BCF::6 | ses_20260701-171614-CHAITANYA0BCF::27 | ses_20260701-171614-CHAITANYA0BCF::41 | ses_20260701-173246-SIDDHIGUPTAB00B::3 | ses_20260701-173246-SIDDHIGUPTAB00B::32 | ses_20260701-173246-SIDDHIGUPTAB00B::36 | ses_20260701-173246-SIDDHIGUPTAB00B::4 | ses_20260701-173642-NEELA9BAF::29 | ses_20260701-175258-LAPTOP-76QMG9DE::11 | ses_20260701-175258-LAPTOP-76QMG9DE::9 | ses_20260701-175747-SIDDHIGUPTAB00B::30 | ses_20260701-175747-SIDDHIGUPTAB00B::31 | ses_20260701-175747-SIDDHIGUPTAB00B::38 | ses_20260701-175747-SIDDHIGUPTAB00B::39 | ses_20260701-175747-SIDDHIGUPTAB00B::6
pi,dependent_deduction,34,16.267942583732058,47.22222222222222,10,722.0,17.0,39.5,79.41176470588235,0.0,100.0,97.05882352941177,82.35294117647058,100.0,ses_20260701-164424-CHAITANYA0BCF::6 | ses_20260701-171614-CHAITANYA0BCF::27 | ses_20260701-171614-CHAITANYA0BCF::41 | ses_20260701-173246-SIDDHIGUPTAB00B::32 | ses_20260701-173246-SIDDHIGUPTAB00B::36 | ses_20260701-173246-SIDDHIGUPTAB00B::4 | ses_20260701-173642-NEELA9BAF::29 | ses_20260701-175258-LAPTOP-76QMG9DE::11 | ses_20260701-175258-LAPTOP-76QMG9DE::9 | ses_20260701-175747-SIDDHIGUPTAB00B::30 | ses_20260701-175747-SIDDHIGUPTAB00B::31 | ses_20260701-175747-SIDDHIGUPTAB00B::38 | ses_20260701-175747-SIDDHIGUPTAB00B::6 | ses_20260701-175747-SIDDHIGUPTAB00B::7 | ses_20260701-183232-LAPTOP-76QMG9DE::1
pi,transportation_expense,23,11.004784688995215,31.944444444444443,8,436.0,18.0,37.26086956521739,73.91304347826086,0.0,100.0,100.0,73.91304347826086,100.0,ses_20260701-173246-SIDDHIGUPTAB00B::3 | ses_20260701-173246-SIDDHIGUPTAB00B::32 | ses_20260701-173246-SIDDHIGUPTAB00B::4 | ses_20260701-173642-NEELA9BAF::29 | ses_20260701-175258-LAPTOP-76QMG9DE::11 | ses_20260701-175258-LAPTOP-76QMG9DE::9 | ses_20260701-175747-SIDDHIGUPTAB00B::31 | ses_20260701-175747-SIDDHIGUPTAB00B::38 | ses_20260701-175747-SIDDHIGUPTAB00B::39 | ses_20260701-175747-SIDDHIGUPTAB00B::6 | ses_20260701-180923-NEELA9BAF::20 | ses_20260701-180923-NEELA9BAF::33 | ses_20260701-183232-LAPTOP-76QMG9DE::7 | ses_20260701-183232-LAPTOP-76QMG9DE::8 | ses_20260701-183232-LAPTOP-76QMG9DE::9
si,childcare_leave,4,5.88235294117647,100.0,3,106.0,22.0,50.75,75.0,0.0,100.0,100.0,100.0,100.0,ses_20260701-171614-CHAITANYA0BCF::30 | ses_20260701-173246-SIDDHIGUPTAB00B::8 | ses_20260701-173642-NEELA9BAF::39 | ses_20260701-173642-NEELA9BAF::8
si,insurance_exemption,4,5.88235294117647,100.0,3,106.0,22.0,50.75,75.0,0.0,100.0,100.0,100.0,100.0,ses_20260701-171614-CHAITANYA0BCF::30 | ses_20260701-173246-SIDDHIGUPTAB00B::8 | ses_20260701-173642-NEELA9BAF::39 | ses_20260701-173642-NEELA9BAF::8
si,maternity_leave,4,5.88235294117647,100.0,3,106.0,22.0,50.75,75.0,0.0,100.0,100.0,100.0,100.0,ses_20260701-171614-CHAITANYA0BCF::30 | ses_20260701-173246-SIDDHIGUPTAB00B::8 | ses_20260701-173642-NEELA9BAF::39 | ses_20260701-173642-NEELA9BAF::8
si,social_insurance,4,5.88235294117647,100.0,3,106.0,22.0,50.75,75.0,0.0,100.0,100.0,100.0,100.0,ses_20260701-171614-CHAITANYA0BCF::30 | ses_20260701-173246-SIDDHIGUPTAB00B::8 | ses_20260701-173642-NEELA9BAF::39 | ses_20260701-173642-NEELA9BAF::8
