family,segment_key,session_id,segment_index,business_terms,fields,actions,routes,documents,application_variant,japanese_evidence,translated_evidence,ocr_mean_score
la,ses_20260701-180923-NEELA9BAF::29,ses_20260701-180923-NEELA9BAF,29,attendance | leave | vacation | paid leave,employee id | full name | name | status | type | department | resident tax | paid leave | attendance,approval,,,browser_only,12件·6件申請中 | 2026年度·人事部門 | HR人事給与システム | P2-07048822-006:申請を承認しました | aあA | ● ダッシュボード | ● 住民税・その他 | ● 入社手続き | ● 勤怠・休暇申請 | ステータス | ダッシュボードノ動点・休暇申講 | フレックス変更申請 | 上野大樹 | 人事 | 人事業務 | 人事部 | 代休申請 | 企画部 | 勤怠・休暇申請 | 半日有給申請 | 営業部 | 坂本裕二 | 寺本真由 | 岡田智也 | 年次有給休暇 | 承認 | 期間·詳細 | 桐岛凉介 | 氏名 | 江口さくら | 津田将太 | 物流部 | 特別休暇（慶弔） | 率 | 田 | 田中麻里・人事マネージャー | 申請一覧 | 申請中 | 申請種別 | 申请中 | 石田美奈 | 社員ID | 福利厚生申請 | 経理部 | 経費精算・給与変更 | 菊池理惠 | 部署 | 開発部 | 青木拓也,"12件·6件申請中 = 12 items・6 items pending | 2026年度·人事部門 = FY2026・Human Resources Department | HR人事給与システム = HR (Human Resources and Payroll) System | P2-07048822-006:申請を承認しました = P2-07048822-006: Application approved. | aあA = aaA | ● ダッシュボード = ● Dashboard | ● 住民税・その他 = ● Resident tax and other taxes | ● 入社手続き = ● Onboarding procedures | ● 勤怠・休暇申請 = ● Attendance and leave application | ステータス = status | ダッシュボードノ動点・休暇申講 = Dashboard Movement and Vacation Application | フレックス変更申請 = Flexible work schedule change application | 上野大樹 = Daiki Ueno | 人事 = human resources | 人事業務 = Human resources operations | 人事部 = Human resources department | 代休申請 = Request for compensatory leave | 企画部 = Planning Department | 勤怠・休暇申請 = Attendance and leave application | 半日有給申請 = Application for half-day paid leave | 営業部 = Sales Department | 坂本裕二 = Yuji Sakamoto | 寺本真由 = Mayu Teramoto | 岡田智也 = Tomoya Okada | 年次有給休暇 = Annual paid leave | 承認 = approval | 期間·詳細 = Duration/Details | 桐岛凉介 = Ryosuke Kirishima | 氏名 = full name | 江口さくら = Sakura Eguchi | 津田将太 = Shota Tsuda | 物流部 = Logistics department | 特別休暇（慶弔） = Special leave (for celebrations and condolences) | 率 = rate | 田 = Field | 田中麻里・人事マネージャー = Mari Tanaka, Human Resources Manager | 申請一覧 = List of applications | 申請中 = Currently applying | 申請種別 = Application Type | 申请中 = Under application | 石田美奈 = Ishida Mina | 社員ID = Employee ID | 福利厚生申請 = Employee benefits application | 経理部 = Accounting Department | 経費精算・給与変更 = Expense reimbursement and payroll changes | 菊池理惠 = Rie Kikuchi | 部署 = Department | 開発部 = Development Department | 青木拓也 = Takuya Aoki",0.9687728945195205
la,ses_20260701-181413-LAPTOP-76QMG9DE::5,ses_20260701-181413-LAPTOP-76QMG9DE,5,attendance | leave | vacation | paid leave,employee id | full name | name | status | type | department | resident tax | paid leave | attendance,approval,,,browser_only,12件·5件申请中 | 2026/07/0123:45:41 田中麻里·人事マネージャー | 2026年度·人事部門 | HR人事給与システム | P2-07088456-007:申請を承認しました | aあA☆ | ●住民税・その他 | ステータス | ダッシュボード | 上野大樹 | 人事 | 人事業務 | 人事部 | 企画部 | 企面部 | 入社手続き | 勤怠・休暇申請 | 半日有給申請 | 寺本真由 | 年次有哈休暇 | 年次有給休暇 | 承 | 承認 | 承郭 | 期間·詳細 | 氏名 | 江口さくら | 河野明日香 | 津田将太 | 清水祥平 | 物流部 | 特别休暇（慶弔） | 特别休暇（爱弔） | 田 | 申中 | 申請一覧 | 申請中 | 申請種別 | 申请中 | 石田美奈 | 社員ID | 福利厚生申請 | 竹内彩子 | 経理部 | 経費精算·給与変更 | 营業部 | 营菜部 | 部署 | 開発部 | 首,"12件·5件申请中 = 12 cases・5 cases pending | 2026/07/0123:45:41 田中麻里·人事マネージャー = 2026/07/01 23:45:41 Mari Tanaka, Human Resources Manager | 2026年度·人事部門 = FY2026・Human Resources Department | HR人事給与システム = HR (Human Resources and Payroll) System | P2-07088456-007:申請を承認しました = P2-07088456-007: Application approved. | aあA☆ = aaA☆ | ●住民税・その他 = ● Resident tax and other taxes | ステータス = status | ダッシュボード = Dashboard | 上野大樹 = Daiki Ueno | 人事 = human resources | 人事業務 = Human resources operations | 人事部 = Human resources department | 企画部 = Planning Department | 企面部 = Planning department | 入社手続き = Onboarding procedures | 勤怠・休暇申請 = Attendance and leave application | 半日有給申請 = Application for half-day paid leave | 寺本真由 = Mayu Teramoto | 年次有哈休暇 = Annual vacation | 年次有給休暇 = Annual paid leave | 承 = Acceptance | 承認 = approval | 承郭 = Chengguo | 期間·詳細 = Duration/Details | 氏名 = full name | 江口さくら = Sakura Eguchi | 河野明日香 = Asuka Kono | 津田将太 = Shota Tsuda | 清水祥平 = Shohei Shimizu | 物流部 = Logistics department | 特别休暇（慶弔） = Special leave (for celebrations and condolences) | 特别休暇（爱弔） = Special leave (condolence) | 田 = Field | 申中 = Shenchu | 申請一覧 = List of applications | 申請中 = Currently applying | 申請種別 = Application Type | 申请中 = Under application | 石田美奈 = Ishida Mina | 社員ID = Employee ID | 福利厚生申請 = Employee benefits application | 竹内彩子 = Ayako Takeuchi | 経理部 = Accounting Department | 経費精算·給与変更 = Expense reimbursement and payroll changes | 营業部 = Department of business | 营菜部 = Kasanabu | 部署 = Department | 開発部 = Development Department | 首 = neck",0.9501525117084384
la,ses_20260701-181413-LAPTOP-76QMG9DE::29,ses_20260701-181413-LAPTOP-76QMG9DE,29,attendance | leave | vacation | paid leave | holiday,full name | name | status | type | department | resident tax | paid leave | attendance,approval,,,browser_only,12件·2件申请中 | 2026/07/01 23:53:09 田中麻里·人事マネージャー | 2026年度·人事部門 | HR人事給与システム | P2-07088456-010:申請を承認しました | aあA☆ | ステータス | ダッシュボード | 上野大樹 | 中請種别 | 人事 | 人事業務 | 人事部 | 企部 | 企面部 | 住民税・その他 | 入社手続き | 勤怠・休暇申請 | 半日有哈申脑 | 半日有胎申情 | 半日有胎申晴 | 寺本真由 | 年次有哈休暇 | 年次有给休暇 | 年次有赔休 | 承 | 期間·詳细 | 氏名 | 永8 | 江口さくら | 河野明日香 | 津田将太 | 清水祥平 | 物流部 | 特别休暇（腰韦） | 特别休照（爱书） | 特别休照（腰韦） | 特别休（慶弔） | 田 | 申中 | 申請一覽 | 石田美奈 | 社高ID | 福利厚生申請 | 程理部 | 竹内彩子 | 経費精算·給与変更 | 营莱部 | 营菜部 | 部署 | 開発部,"12件·2件申请中 = 12 cases・2 cases pending | 2026/07/01 23:53:09 田中麻里·人事マネージャー = 2026/07/01 23:53:09 Mari Tanaka, Human Resources Manager | 2026年度·人事部門 = FY2026・Human Resources Department | HR人事給与システム = HR (Human Resources and Payroll) System | P2-07088456-010:申請を承認しました = P2-07088456-010: Application approved. | aあA☆ = aaA☆ | ステータス = status | ダッシュボード = Dashboard | 上野大樹 = Daiki Ueno | 中請種别 = Chuukake type | 人事 = human resources | 人事業務 = Human resources operations | 人事部 = Human resources department | 企部 = Planning department | 企面部 = Planning department | 住民税・その他 = Resident tax and other taxes | 入社手続き = Onboarding procedures | 勤怠・休暇申請 = Attendance and leave application | 半日有哈申脑 = Half day stay | 半日有胎申情 = Half-day pregnancy report | 半日有胎申晴 = Half day pregnant Shinharu | 寺本真由 = Mayu Teramoto | 年次有哈休暇 = Annual vacation | 年次有给休暇 = Annual leave | 年次有赔休 = Annual paid leave | 承 = Acceptance | 期間·詳细 = Duration and details | 氏名 = full name | 永8 = Ei 8 | 江口さくら = Sakura Eguchi | 河野明日香 = Asuka Kono | 津田将太 = Shota Tsuda | 清水祥平 = Shohei Shimizu | 物流部 = Logistics department | 特别休暇（腰韦） = Special vacation (Koshibei) | 特别休照（爱书） = Special holiday (love book) | 特别休照（腰韦） = Special rest light (koshiki) | 特别休（慶弔） = Special holiday (congratulations and condolence) | 田 = Field | 申中 = Shenchu | 申請一覽 = Application review | 石田美奈 = Ishida Mina | 社高ID = Company ID | 福利厚生申請 = Employee benefits application | 程理部 = Processing Department | 竹内彩子 = Ayako Takeuchi | 経費精算·給与変更 = Expense reimbursement and payroll changes | 营莱部 = Kariabe | 营菜部 = Kasanabu | 部署 = Department | 開発部 = Development Department",0.9204994332133316
la,ses_20260701-181413-LAPTOP-76QMG9DE::5,ses_20260701-181413-LAPTOP-76QMG9DE,5,attendance | leave | paid leave,employee id | full name | name | status | type | department | resident tax | paid leave | attendance,approval,,,browser_only,12件·6件申請中 | 2026/07/0123:45:37 田中麻里·人事マネージャー | 2026年度·人事部門 | HR人事給与システム | aあA☆ | ステータス | ダッシュボード | 上野大樹 | 人事 | 人事業務 | 人事部 | 企画部 | 住民税・その他 | 入社手続き | 勤怠・休暇申請 | 半日有給申請 | 営業部 | 寺本真由 | 年次有給休暇 | 承認 | 期間·詳細 | 氏名 | 江口さくら | 河野明日香 | 津田将太 | 清水祥平 | 物流部 | 特別休暇（慶弔） | 田 | 申請一覧 | 申請中 | 申請種別 | 石田美奈 | 社員ID | 福利厚生申請 | 竹内彩子 | 経理部 | 経費精算·給与変更 | 自 | 部署 | 開発部,"12件·6件申請中 = 12 items・6 items pending | 2026/07/0123:45:37 田中麻里·人事マネージャー = 2026/07/01 23:45:37 Mari Tanaka, Human Resources Manager | 2026年度·人事部門 = FY2026・Human Resources Department | HR人事給与システム = HR (Human Resources and Payroll) System | aあA☆ = aaA☆ | ステータス = status | ダッシュボード = Dashboard | 上野大樹 = Daiki Ueno | 人事 = human resources | 人事業務 = Human resources operations | 人事部 = Human resources department | 企画部 = Planning Department | 住民税・その他 = Resident tax and other taxes | 入社手続き = Onboarding procedures | 勤怠・休暇申請 = Attendance and leave application | 半日有給申請 = Application for half-day paid leave | 営業部 = Sales Department | 寺本真由 = Mayu Teramoto | 年次有給休暇 = Annual paid leave | 承認 = approval | 期間·詳細 = Duration/Details | 氏名 = full name | 江口さくら = Sakura Eguchi | 河野明日香 = Asuka Kono | 津田将太 = Shota Tsuda | 清水祥平 = Shohei Shimizu | 物流部 = Logistics department | 特別休暇（慶弔） = Special leave (for celebrations and condolences) | 田 = Field | 申請一覧 = List of applications | 申請中 = Currently applying | 申請種別 = Application Type | 石田美奈 = Ishida Mina | 社員ID = Employee ID | 福利厚生申請 = Employee benefits application | 竹内彩子 = Ayako Takeuchi | 経理部 = Accounting Department | 経費精算·給与変更 = Expense reimbursement and payroll changes | 自 = Self | 部署 = Department | 開発部 = Development Department",0.9777308202634646
la,ses_20260701-181413-LAPTOP-76QMG9DE::5,ses_20260701-181413-LAPTOP-76QMG9DE,5,attendance | leave | paid leave,employee id | full name | name | status | type | department | resident tax | paid leave | attendance,approval,,,browser_only,"12件·8件申請中 | 2026/07/0123:45:09 田中麻里·人事マネージャー | 2026年度·人事部門 | HR人事給与システム | aあA""☆ | |车 | ステータス | ダッシュボード | 上野大樹 | 人事 | 人事業務 | 人事部 | 企画部 | 住民税・その他 | 入社手続き | 勤怠・休暇申請 | 半日有給申請 | 営業部 | 寺本真由 | 年次有給休暇 | 承認 | 期間·詳細 | 氏名 | 江口さくら | 河野明日香 | 津田将太 | 清水祥平 | 物流部 | 特別休暇（慶弔） | 田 | 申請一覧 | 申請中 | 申請種別 | 石田美奈 | 社員ID | 福利厚生申請 | 竹内彩子 | 経理部 | 経費精算·給与変更 | 部署 | 開発部 | 首","12件·8件申請中 = 12 items・8 items pending | 2026/07/0123:45:09 田中麻里·人事マネージャー = 2026/07/01 23:45:09 Mari Tanaka, Human Resources Manager | 2026年度·人事部門 = FY2026・Human Resources Department | HR人事給与システム = HR (Human Resources and Payroll) System | aあA""☆ = aaA&quot;☆ | |车 = |Car | ステータス = status | ダッシュボード = Dashboard | 上野大樹 = Daiki Ueno | 人事 = human resources | 人事業務 = Human resources operations | 人事部 = Human resources department | 企画部 = Planning Department | 住民税・その他 = Resident tax and other taxes | 入社手続き = Onboarding procedures | 勤怠・休暇申請 = Attendance and leave application | 半日有給申請 = Application for half-day paid leave | 営業部 = Sales Department | 寺本真由 = Mayu Teramoto | 年次有給休暇 = Annual paid leave | 承認 = approval | 期間·詳細 = Duration/Details | 氏名 = full name | 江口さくら = Sakura Eguchi | 河野明日香 = Asuka Kono | 津田将太 = Shota Tsuda | 清水祥平 = Shohei Shimizu | 物流部 = Logistics department | 特別休暇（慶弔） = Special leave (for celebrations and condolences) | 田 = Field | 申請一覧 = List of applications | 申請中 = Currently applying | 申請種別 = Application Type | 石田美奈 = Ishida Mina | 社員ID = Employee ID | 福利厚生申請 = Employee benefits application | 竹内彩子 = Ayako Takeuchi | 経理部 = Accounting Department | 経費精算·給与変更 = Expense reimbursement and payroll changes | 部署 = Department | 開発部 = Development Department | 首 = neck",0.9774409846996698
ob,ses_20260701-171614-CHAITANYA0BCF::14,ses_20260701-171614-CHAITANYA0BCF,14,onboarding | department | my number | employment insurance | health insurance | commuting allowance | family allowance,employee id | status | category | start date | department | my number | employment insurance | health insurance | commuting allowance | family allowance | resident tax | attendance,,,,browser_only,2026年度·人事部門 | 4 項目 | HR人事給与システム | aぁA | システム部 | ステータス | ダッシュボード | フラグ | マイナンバー | 人事 | 人事業務 | 住民税・その他 | 健康保険 | 入社手続き | 入社日 | 入社照合完了。採用区分：新卒家族持。照合項目すべて確認済み。 | 内田さくら | 勤怠・休暇申請 | 参照：採用区分：新卒家族持 | 営業部 | 家族手当 | 川口浩二 | 所属部署 | 橋本 浩二 | 照合メモ | 照合中 | 照合完了 | 照合項目 | 田 | 社員ID | 福利厚生申請 | 管理ID | 管理部 | 経費精算·給与変更 | 詳細一川口健太（E2202) | 通勤手当 | 開発部 | 雇用保険,2026年度·人事部門 = FY2026・Human Resources Department | 4 項目 = 4 items | HR人事給与システム = HR (Human Resources and Payroll) System | aぁA = aaA | システム部 = Systems Department | ステータス = status | ダッシュボード = Dashboard | フラグ = flag | マイナンバー = My Number | 人事 = human resources | 人事業務 = Human resources operations | 住民税・その他 = Resident tax and other taxes | 健康保険 = health insurance | 入社手続き = Onboarding procedures | 入社日 = Start date | 入社照合完了。採用区分：新卒家族持。照合項目すべて確認済み。 = Onboarding verification complete. Recruitment category: New graduate with family. All verification items have been confirmed. | 内田さくら = Sakura Uchida | 勤怠・休暇申請 = Attendance and leave application | 参照：採用区分：新卒家族持 = Reference: Recruitment Category: New Graduates with Families | 営業部 = Sales Department | 家族手当 = Family allowance | 川口浩二 = Koji Kawaguchi | 所属部署 = Department | 橋本 浩二 = Koji Hashimoto | 照合メモ = Verification Memo | 照合中 = Matching | 照合完了 = Verification completed | 照合項目 = Matching items | 田 = Field | 社員ID = Employee ID | 福利厚生申請 = Employee benefits application | 管理ID = Management ID | 管理部 = Management department | 経費精算·給与変更 = Expense reimbursement and payroll changes | 詳細一川口健太（E2202) = Details: Kenta Kawaguchi (E2202) | 通勤手当 = Commuting allowance | 開発部 = Development Department | 雇用保険 = Employment insurance,0.9758835919698079
ob,ses_20260701-180923-NEELA9BAF::12,ses_20260701-180923-NEELA9BAF,12,onboarding | department | my number | employment insurance | health insurance | commuting allowance | family allowance,employee id | status | category | start date | department | my number | employment insurance | health insurance | commuting allowance | family allowance | resident tax | attendance,,,,browser_only,2026年度·人事部門 | 4 項目 | 5 項目 | HR人事給与システム | aあA | ● ダッシュボード | ● 住民税・その他 | ● 入社手続き | ステータス | フラグ | マイナンバー | 人事 | 人事業務 | 人事部 | 健康保険 | 入社日 | 入社照合完了。採用区分：新卒家族持。照合項目すべて確認済み。 | 内田明美 | 勤怠・休暇申請 | 参照：採用区分：新卒家族持 | 営業部 | 土田さくら | 土田明美 | 家族手当 | 川口彩香 | 所属部署 | 橋本 健太 | 橋本浩二 | 照合メモ | 照合中 | 照合完了 | 照合項目 | 物流部 | 田 | 田中 麻里・人事マネージャー | 社員ID | 福利厚生申請 | 管理ID | 経理部 | 経費精算·給与変更 | 詳細—橋本 健太（E2283） | 通勤手当 | 雇用保険,"2026年度·人事部門 = FY2026・Human Resources Department | 4 項目 = 4 items | 5 項目 = 5 items | HR人事給与システム = HR (Human Resources and Payroll) System | aあA = aaA | ● ダッシュボード = ● Dashboard | ● 住民税・その他 = ● Resident tax and other taxes | ● 入社手続き = ● Onboarding procedures | ステータス = status | フラグ = flag | マイナンバー = My Number | 人事 = human resources | 人事業務 = Human resources operations | 人事部 = Human resources department | 健康保険 = health insurance | 入社日 = Start date | 入社照合完了。採用区分：新卒家族持。照合項目すべて確認済み。 = Onboarding verification complete. Recruitment category: New graduate with family. All verification items have been confirmed. | 内田明美 = Akemi Uchida | 勤怠・休暇申請 = Attendance and leave application | 参照：採用区分：新卒家族持 = Reference: Recruitment Category: New Graduates with Families | 営業部 = Sales Department | 土田さくら = Sakura Tsuchida | 土田明美 = Akemi Tsuchida | 家族手当 = Family allowance | 川口彩香 = Ayaka Kawaguchi | 所属部署 = Department | 橋本 健太 = Kenta Hashimoto | 橋本浩二 = Koji Hashimoto | 照合メモ = Verification Memo | 照合中 = Matching | 照合完了 = Verification completed | 照合項目 = Matching items | 物流部 = Logistics department | 田 = Field | 田中 麻里・人事マネージャー = Mari Tanaka, Human Resources Manager | 社員ID = Employee ID | 福利厚生申請 = Employee benefits application | 管理ID = Management ID | 経理部 = Accounting Department | 経費精算·給与変更 = Expense reimbursement and payroll changes | 詳細—橋本 健太（E2283） = Details—Kenta Hashimoto (E2283) | 通勤手当 = Commuting allowance | 雇用保険 = Employment insurance",0.9717337471767536
ob,ses_20260701-171614-CHAITANYA0BCF::14,ses_20260701-171614-CHAITANYA0BCF,14,onboarding | department | my number | employment insurance | health insurance | commuting allowance | family allowance,employee id | status | category | start date | department | my number | employment insurance | health insurance | commuting allowance | family allowance | resident tax | attendance,,,,browser_only,2026年度·人事部門 | 4 項目 | HR人事給与システム | aぁA | ■フラグ | ● ダッシュボード | システム部 | ステータス | マイナンバー | 人事 | 人事業務 | 住民税・その他 | 健康保険 | 入社手続き | 入社日 | 内田さくら | 勤怠・休暇申請 | 参照：採用区分：新卒家族持 | 営業部 | 家族手当 | 川口浩二 | 所属部署 | 橋本 浩二 | 照合メモ | 照合中 | 照合完了 | 照合結果・特記事項を入力してください… | 照合項目 | 田 | 社員ID | 福利厚生申請 | 管理ID | 管理部 | 経費精算·給与変更 | 詳細一川口健太（E2202) | 通勤手当 | 開発部 | 雇用保険,2026年度·人事部門 = FY2026・Human Resources Department | 4 項目 = 4 items | HR人事給与システム = HR (Human Resources and Payroll) System | aぁA = aaA | ■フラグ = ■ Flag | ● ダッシュボード = ● Dashboard | システム部 = Systems Department | ステータス = status | マイナンバー = My Number | 人事 = human resources | 人事業務 = Human resources operations | 住民税・その他 = Resident tax and other taxes | 健康保険 = health insurance | 入社手続き = Onboarding procedures | 入社日 = Start date | 内田さくら = Sakura Uchida | 勤怠・休暇申請 = Attendance and leave application | 参照：採用区分：新卒家族持 = Reference: Recruitment Category: New Graduates with Families | 営業部 = Sales Department | 家族手当 = Family allowance | 川口浩二 = Koji Kawaguchi | 所属部署 = Department | 橋本 浩二 = Koji Hashimoto | 照合メモ = Verification Memo | 照合中 = Matching | 照合完了 = Verification completed | 照合結果・特記事項を入力してください… = Please enter the matching results and any special notes... | 照合項目 = Matching items | 田 = Field | 社員ID = Employee ID | 福利厚生申請 = Employee benefits application | 管理ID = Management ID | 管理部 = Management department | 経費精算·給与変更 = Expense reimbursement and payroll changes | 詳細一川口健太（E2202) = Details: Kenta Kawaguchi (E2202) | 通勤手当 = Commuting allowance | 開発部 = Development Department | 雇用保険 = Employment insurance,0.9706309938430786
ob,ses_20260701-173246-SIDDHIGUPTAB00B::39,ses_20260701-173246-SIDDHIGUPTAB00B,39,onboarding | department | my number | employment insurance | health insurance | commuting allowance | family allowance,employee id | status | category | start date | department | my number | employment insurance | health insurance | commuting allowance | family allowance | resident tax | attendance,,,,browser_only,2026年度·人事部門 | 4 項目 | 4項目 | 5 項目 | HR人事給与システム | aあA | ● ダッシュボード | ● 住民税・その他 | ● 入社手続き | ● 福利厚生申請 | ステータス | フラグ | マイナンバー | 人事 | 人事業務 | 企画部 | 健康保険 | 入社日 | 入社照合完了。採用区分：新卒家族持。照合項目すべて確認済み。 | 内田さくら | 内田健太 | 勤怠・休暇申請 | 原田 直樹 | 参照：採用区分：新卒家族持 | 家族手当 | 所属部署 | 照合メモ | 照合中 | 照合完了 | 照合項目 | 物流部 | 田 | 田中麻里・人事マネージャー | 社員ID | 管理ID | 管理部 | 経費精算·給与変更 | 詳細岩田 さくら（E2288) | 通勤手当 | 開発部 | 雇用保険 | 首,"2026年度·人事部門 = FY2026・Human Resources Department | 4 項目 = 4 items | 4項目 = 4 items | 5 項目 = 5 items | HR人事給与システム = HR (Human Resources and Payroll) System | aあA = aaA | ● ダッシュボード = ● Dashboard | ● 住民税・その他 = ● Resident tax and other taxes | ● 入社手続き = ● Onboarding procedures | ● 福利厚生申請 = ● Application for employee benefits | ステータス = status | フラグ = flag | マイナンバー = My Number | 人事 = human resources | 人事業務 = Human resources operations | 企画部 = Planning Department | 健康保険 = health insurance | 入社日 = Start date | 入社照合完了。採用区分：新卒家族持。照合項目すべて確認済み。 = Onboarding verification complete. Recruitment category: New graduate with family. All verification items have been confirmed. | 内田さくら = Sakura Uchida | 内田健太 = Kenta Uchida | 勤怠・休暇申請 = Attendance and leave application | 原田 直樹 = Naoki Harada | 参照：採用区分：新卒家族持 = Reference: Recruitment Category: New Graduates with Families | 家族手当 = Family allowance | 所属部署 = Department | 照合メモ = Verification Memo | 照合中 = Matching | 照合完了 = Verification completed | 照合項目 = Matching items | 物流部 = Logistics department | 田 = Field | 田中麻里・人事マネージャー = Mari Tanaka, Human Resources Manager | 社員ID = Employee ID | 管理ID = Management ID | 管理部 = Management department | 経費精算·給与変更 = Expense reimbursement and payroll changes | 詳細岩田 さくら（E2288) = Details: Sakura Iwata (E2288) | 通勤手当 = Commuting allowance | 開発部 = Development Department | 雇用保険 = Employment insurance | 首 = neck",0.9624464763535394
ob,ses_20260701-173246-SIDDHIGUPTAB00B::39,ses_20260701-173246-SIDDHIGUPTAB00B,39,onboarding | department | my number | employment insurance | health insurance | commuting allowance | family allowance,employee id | status | category | start date | department | my number | employment insurance | health insurance | commuting allowance | family allowance | resident tax | attendance,,,,browser_only,2026年度·人事部門 | 4 項目 | 5 項目 | HR人事給与システム | aあA | ● ダッシュボード | ● 住民税・その他 | ● 入社手続き | ● 福利厚生申請 | ステータス | フラグ | マイナンバー | 人事 | 人事業務 | 企画部 | 健康保険 | 入社日 | 内田さくら | 内田健太 | 勤怠・休暇申請 | 原田 直樹 | 参照：採用区分：新卒家族持 | 家族手当 | 所属部署 | 照合メモ | 照合中 | 照合完了 | 照合結果・特記事項を入力してください… | 照合項目 | 物流部 | 田 | 田中麻里・人事マネージャー | 社員ID | 管理ID | 管理部 | 経費精算·給与変更 | 詳細岩田 さくら（E2288) | 通勤手当 | 開発部 | 雇用保険 | 首,"2026年度·人事部門 = FY2026・Human Resources Department | 4 項目 = 4 items | 5 項目 = 5 items | HR人事給与システム = HR (Human Resources and Payroll) System | aあA = aaA | ● ダッシュボード = ● Dashboard | ● 住民税・その他 = ● Resident tax and other taxes | ● 入社手続き = ● Onboarding procedures | ● 福利厚生申請 = ● Application for employee benefits | ステータス = status | フラグ = flag | マイナンバー = My Number | 人事 = human resources | 人事業務 = Human resources operations | 企画部 = Planning Department | 健康保険 = health insurance | 入社日 = Start date | 内田さくら = Sakura Uchida | 内田健太 = Kenta Uchida | 勤怠・休暇申請 = Attendance and leave application | 原田 直樹 = Naoki Harada | 参照：採用区分：新卒家族持 = Reference: Recruitment Category: New Graduates with Families | 家族手当 = Family allowance | 所属部署 = Department | 照合メモ = Verification Memo | 照合中 = Matching | 照合完了 = Verification completed | 照合結果・特記事項を入力してください… = Please enter the matching results and any special notes... | 照合項目 = Matching items | 物流部 = Logistics department | 田 = Field | 田中麻里・人事マネージャー = Mari Tanaka, Human Resources Manager | 社員ID = Employee ID | 管理ID = Management ID | 管理部 = Management department | 経費精算·給与変更 = Expense reimbursement and payroll changes | 詳細岩田 さくら（E2288) = Details: Sakura Iwata (E2288) | 通勤手当 = Commuting allowance | 開発部 = Development Department | 雇用保険 = Employment insurance | 首 = neck",0.9616697761747572
pi,ses_20260701-183232-LAPTOP-76QMG9DE::7,ses_20260701-183232-LAPTOP-76QMG9DE,7,expense reimbursement | expense settlement | payroll change | transportation expense | dependent deduction | payroll | salary | deduction,employee id | amount | status | processing comment | category | type | department | resident tax | attendance,approval | hold | unprocessed,,,browser_only,"2026/07/02 00:05:12 田中麻里·人事マネージャー | 2026年度·人事部門 | 21,456円 | 5,083円 | 5,995円 | HR人事給与システム | a肺A☆ | |车 | ✓ 登録確定 | ステータス | ダッシュボード | 上野大樹 | 交通費精算 | 人事 | 人事業務 | 住民税・その他 | 保留 | 入社手続き | 処理コメント | 勤怠・休暇申請 | 区分 | 参照：申請者区分：regular承認権限：人事担当 | 定常 | 岡田智也 | 扶養控除変更 | 昇給 | 未処理 | 桐島凉介 | 残業手当調整 | 田 | 社員ID | 福利厚生申請 | 種別 | 竹内彩子 | 管理ID | 経費精算·給与変更 | 経費精算確認済み。費目：交通費精算金額：5,083円。規程内であることを確認した。 | 詳細—P1-07080388-007·遠山健 | 調整 | 金額","2026/07/02 00:05:12 田中麻里·人事マネージャー = 2026/07/02 00:05:12 Mari Tanaka, Human Resources Manager | 2026年度·人事部門 = FY2026・Human Resources Department | 21,456円 = 21,456 yen | 5,083円 = 5,083 yen | 5,995円 = 5,995 yen | HR人事給与システム = HR (Human Resources and Payroll) System | a肺A☆ = a lung A☆ | |车 = |Car | ✓ 登録確定 = ✓ Registration confirmed | ステータス = status | ダッシュボード = Dashboard | 上野大樹 = Daiki Ueno | 交通費精算 = Transportation expense settlement | 人事 = human resources | 人事業務 = Human resources operations | 住民税・その他 = Resident tax and other taxes | 保留 = on hold | 入社手続き = Onboarding procedures | 処理コメント = Processing comments | 勤怠・休暇申請 = Attendance and leave application | 区分 = classification | 参照：申請者区分：regular承認権限：人事担当 = Reference: Applicant Category: Regular Approval Authority: Human Resources | 定常 = Steady state | 岡田智也 = Tomoya Okada | 扶養控除変更 = Change in dependent deduction | 昇給 = Salary increase | 未処理 = Unprocessed | 桐島凉介 = Ryosuke Kirishima | 残業手当調整 = Overtime pay adjustment | 田 = Field | 社員ID = Employee ID | 福利厚生申請 = Employee benefits application | 種別 = type | 竹内彩子 = Ayako Takeuchi | 管理ID = Management ID | 経費精算·給与変更 = Expense reimbursement and payroll changes | 経費精算確認済み。費目：交通費精算金額：5,083円。規程内であることを確認した。 = Expense reimbursement confirmed. Expense item: Transportation expenses. Amount reimbursed: 5,083 yen. Confirmed to be within regulations. | 詳細—P1-07080388-007·遠山健 = Details—P1-07080388-007·Ken Toyama | 調整 = adjustment | 金額 = Amount",0.96661021006413
pi,ses_20260701-183232-LAPTOP-76QMG9DE::9,ses_20260701-183232-LAPTOP-76QMG9DE,9,expense reimbursement | expense settlement | payroll change | transportation expense | dependent deduction | payroll | salary | deduction,employee id | amount | status | processing comment | category | type | department | resident tax | attendance,approval | hold | unprocessed,,,browser_only,"2026/07/02 00:05:50 田中麻里·人事マネージャー | 2026年度·人事部門 | 21,269円 | 21,456円 | 5,995円 | HR人事給与システム | a肺A☆ | ✓ 登録確定 | ステータス | ダッシュボード | 上野大樹 | 交通費精算 | 人事 | 人事業務 | 住民税・その他 | 保留 | 入社手続き | 処理コメント | 処理内容・確認コメントを入力してください… | 勤怠・休暇申請 | 区分 | 参照：申請者区分：regular承認権限：人事担当 | 定常 | 岡田智也 | 扶養控除変更 | 昇給 | 未処理 | 桐島凉介 | 残業手当調整 | 田 | 社員ID | 福利厚生申請 | 種別 | 竹内彩子 | 管理ID | 経費精算·給与変更 | 詳細—P1-07080388-011·坂本裕二 | 調整 | 金額","2026/07/02 00:05:50 田中麻里·人事マネージャー = 2026/07/02 00:05:50 Mari Tanaka, Human Resources Manager | 2026年度·人事部門 = FY2026・Human Resources Department | 21,269円 = 21,269 yen | 21,456円 = 21,456 yen | 5,995円 = 5,995 yen | HR人事給与システム = HR (Human Resources and Payroll) System | a肺A☆ = a lung A☆ | ✓ 登録確定 = ✓ Registration confirmed | ステータス = status | ダッシュボード = Dashboard | 上野大樹 = Daiki Ueno | 交通費精算 = Transportation expense settlement | 人事 = human resources | 人事業務 = Human resources operations | 住民税・その他 = Resident tax and other taxes | 保留 = on hold | 入社手続き = Onboarding procedures | 処理コメント = Processing comments | 処理内容・確認コメントを入力してください… = Please enter the processing details and confirmation comments... | 勤怠・休暇申請 = Attendance and leave application | 区分 = classification | 参照：申請者区分：regular承認権限：人事担当 = Reference: Applicant Category: Regular Approval Authority: Human Resources | 定常 = Steady state | 岡田智也 = Tomoya Okada | 扶養控除変更 = Change in dependent deduction | 昇給 = Salary increase | 未処理 = Unprocessed | 桐島凉介 = Ryosuke Kirishima | 残業手当調整 = Overtime pay adjustment | 田 = Field | 社員ID = Employee ID | 福利厚生申請 = Employee benefits application | 種別 = type | 竹内彩子 = Ayako Takeuchi | 管理ID = Management ID | 経費精算·給与変更 = Expense reimbursement and payroll changes | 詳細—P1-07080388-011·坂本裕二 = Details—P1-07080388-011 · Yuji Sakamoto | 調整 = adjustment | 金額 = Amount",0.9589610224283194
pi,ses_20260701-192455-NEELA9BAF::17,ses_20260701-192455-NEELA9BAF,17,expense reimbursement | expense settlement | payroll change | transportation expense | dependent deduction | payroll | deduction,employee id | amount | status | processing comment | category | type | department | resident tax | attendance,approval | hold | unprocessed,,,browser_only,"""保留 | 17,019円 | 2026年度·人事部門 | 47,909円 | 9,895円 | HR人事給与システム | aあ A☆ | ● ダッシュボード | ● 住民税・その他 | ● 入社手続き | ●勤怠・休暇申請 | ●福利厚生申請 | ✓ 登録確定 | ステータス | 上野大樹 | 交通費精算 | 人事 | 人事業務 | 処理コメント | 区分 | 参照：申請者区分：regular 承認権限：人事担当 | 定常 | 島田奈々 | 役職手当新設 | 扶養控除変更 | 未処理 | 桐島涼介 | 残業手当調整 | 江口さくら | 田 | 石田美奈 | 社員ID | 種別 | 竹内彩子 | 管理ID | 経費精算·給与変更 | 経費精算確認済み。費目：交通費精算 | 詳細—P1-07040532-002·島田 奈々 | 調整 | 金額 | 金額：17,019円。規程内であることを確認した。","""保留 = &quot;on hold | 17,019円 = 17,019 yen | 2026年度·人事部門 = FY2026・Human Resources Department | 47,909円 = 47,909 yen | 9,895円 = 9,895 yen | HR人事給与システム = HR (Human Resources and Payroll) System | aあ A☆ = aa A☆ | ● ダッシュボード = ● Dashboard | ● 住民税・その他 = ● Resident tax and other taxes | ● 入社手続き = ● Onboarding procedures | ●勤怠・休暇申請 = ● Attendance and leave application | ●福利厚生申請 = ● Application for employee benefits | ✓ 登録確定 = ✓ Registration confirmed | ステータス = status | 上野大樹 = Daiki Ueno | 交通費精算 = Transportation expense settlement | 人事 = human resources | 人事業務 = Human resources operations | 処理コメント = Processing comments | 区分 = classification | 参照：申請者区分：regular 承認権限：人事担当 = Reference: Applicant category: regular Approval authority: Human Resources | 定常 = Steady state | 島田奈々 = Nana Shimada | 役職手当新設 = New position-based allowance established. | 扶養控除変更 = Change in dependent deduction | 未処理 = Unprocessed | 桐島涼介 = Ryosuke Kirishima | 残業手当調整 = Overtime pay adjustment | 江口さくら = Sakura Eguchi | 田 = Field | 石田美奈 = Ishida Mina | 社員ID = Employee ID | 種別 = type | 竹内彩子 = Ayako Takeuchi | 管理ID = Management ID | 経費精算·給与変更 = Expense reimbursement and payroll changes | 経費精算確認済み。費目：交通費精算 = Expense reimbursement confirmed. Expense item: Transportation expenses. | 詳細—P1-07040532-002·島田 奈々 = Details—P1-07040532-002 · Nana Shimada | 調整 = adjustment | 金額 = Amount | 金額：17,019円。規程内であることを確認した。 = Amount: 17,019 yen. Confirmed to be within the regulations.",0.9737146654348264
pi,ses_20260701-192455-NEELA9BAF::42,ses_20260701-192455-NEELA9BAF,42,expense reimbursement | expense settlement | payroll change | transportation expense | dependent deduction | payroll | deduction,employee id | amount | status | processing comment | category | type | department | resident tax | attendance,approval | hold | unprocessed,,,browser_only,"""保留 | 13,691円 | 2026年度·人事部門 | 47,909円 | 9,895円 | HR人事給与システム | aあ A☆ | ● ダッシュボード | ● 住民税・その他 | ● 入社手続き | ● 勤怠・休暇申請 | ●福利厚生申請 | ✓ 登録確定 | ステータス | 上野大樹 | 交通費精算 | 人事 | 人事業務 | 処理コメント | 処理内容・確認コメントを入力してください… | 区分 | 参照：申請者区分：regular 承認権限：人事担当 | 定常 | 島田奈々 | 役職手当新設 | 扶養控除変更 | 未処理 | 桐島涼介 | 残業手当調整 | 江口さくら | 田 | 石田美奈 | 社員ID | 種別 | 竹内彩子 | 管理ID | 経費精算·給与変更 | 詳細P1-07040532-012·江口 さくら | 調整 | 金額","""保留 = &quot;on hold | 13,691円 = 13,691 yen | 2026年度·人事部門 = FY2026・Human Resources Department | 47,909円 = 47,909 yen | 9,895円 = 9,895 yen | HR人事給与システム = HR (Human Resources and Payroll) System | aあ A☆ = aa A☆ | ● ダッシュボード = ● Dashboard | ● 住民税・その他 = ● Resident tax and other taxes | ● 入社手続き = ● Onboarding procedures | ● 勤怠・休暇申請 = ● Attendance and leave application | ●福利厚生申請 = ● Application for employee benefits | ✓ 登録確定 = ✓ Registration confirmed | ステータス = status | 上野大樹 = Daiki Ueno | 交通費精算 = Transportation expense settlement | 人事 = human resources | 人事業務 = Human resources operations | 処理コメント = Processing comments | 処理内容・確認コメントを入力してください… = Please enter the processing details and confirmation comments... | 区分 = classification | 参照：申請者区分：regular 承認権限：人事担当 = Reference: Applicant category: regular Approval authority: Human Resources | 定常 = Steady state | 島田奈々 = Nana Shimada | 役職手当新設 = New position-based allowance established. | 扶養控除変更 = Change in dependent deduction | 未処理 = Unprocessed | 桐島涼介 = Ryosuke Kirishima | 残業手当調整 = Overtime pay adjustment | 江口さくら = Sakura Eguchi | 田 = Field | 石田美奈 = Ishida Mina | 社員ID = Employee ID | 種別 = type | 竹内彩子 = Ayako Takeuchi | 管理ID = Management ID | 経費精算·給与変更 = Expense reimbursement and payroll changes | 詳細P1-07040532-012·江口 さくら = Details P1-07040532-012 · Sakura Eguchi | 調整 = adjustment | 金額 = Amount",0.9644273300280516
pi,ses_20260701-175747-SIDDHIGUPTAB00B::6,ses_20260701-175747-SIDDHIGUPTAB00B,6,expense reimbursement | expense settlement | payroll change | transportation expense | dependent deduction | payroll | salary | deduction,employee id | amount | status | processing comment | type | department | resident tax | attendance,approval | hold | unprocessed,,,browser_only,"""保留 | 19,390円 | 2026/07/01 23:29:29 田中 麻里·人事マネージャー | 2026年度·人事部門 | 21,668円 | 44,338円 | HR人事給与システム | aあA | ● ダッシュボード | ● 住民税・その他 | ● 入社手続き | ●福利厚生申請 | ✓ 登録確定 | ステータス | 上野大樹 | 交通費精算 | 人事 | 人事業務 | 処理コメント | 勤怠・休暇申請 | 区分 | 参照：申請者区分：regular | 定常 | 寺本 真由 | 役職手当新設 | 扶養控除変更 | 承認権限：人事担当 | 昇給 | 未処理 | 津田将太 | 田 | 社員ID | 種別 | 管理ID | 経費精算・給与変更 | 経費精算確認済み。費目：交通費精算 | 詳細 — P1-07106250-002·青木 拓也 | 遠山健一 | 金額 | 金額：21,668円。規程内であることを確認した。","""保留 = &quot;on hold | 19,390円 = 19,390 yen | 2026/07/01 23:29:29 田中 麻里·人事マネージャー = 2026/07/01 23:29:29 Mari Tanaka, Human Resources Manager | 2026年度·人事部門 = FY2026・Human Resources Department | 21,668円 = 21,668 yen | 44,338円 = 44,338 yen | HR人事給与システム = HR (Human Resources and Payroll) System | aあA = aaA | ● ダッシュボード = ● Dashboard | ● 住民税・その他 = ● Resident tax and other taxes | ● 入社手続き = ● Onboarding procedures | ●福利厚生申請 = ● Application for employee benefits | ✓ 登録確定 = ✓ Registration confirmed | ステータス = status | 上野大樹 = Daiki Ueno | 交通費精算 = Transportation expense settlement | 人事 = human resources | 人事業務 = Human resources operations | 処理コメント = Processing comments | 勤怠・休暇申請 = Attendance and leave application | 区分 = classification | 参照：申請者区分：regular = Reference: Applicant classification: regular | 定常 = Steady state | 寺本 真由 = Mayu Teramoto | 役職手当新設 = New position-based allowance established. | 扶養控除変更 = Change in dependent deduction | 承認権限：人事担当 = Approval authority: Human Resources Department | 昇給 = Salary increase | 未処理 = Unprocessed | 津田将太 = Shota Tsuda | 田 = Field | 社員ID = Employee ID | 種別 = type | 管理ID = Management ID | 経費精算・給与変更 = Expense reimbursement and payroll changes | 経費精算確認済み。費目：交通費精算 = Expense reimbursement confirmed. Expense item: Transportation expenses. | 詳細 — P1-07106250-002·青木 拓也 = Details — P1-07106250-002 · Takuya Aoki | 遠山健一 = Kenichi Toyama | 金額 = Amount | 金額：21,668円。規程内であることを確認した。 = Amount: 21,668 yen. Confirmed to be within the regulations.",0.9644125730826937
rt,ses_20260701-175747-SIDDHIGUPTAB00B::9,ses_20260701-175747-SIDDHIGUPTAB00B,9,,employee id | full name | name | amount | status | department,approval | unconfirmed,,,browser_only,12件 | 2026年度·経理部門 | aあ | ● ダッシュボード | ● 支払処理 | ● 発注管理 | ステータス | ダッシュボード/発注管理 | 一覧 | 予算差異分析 | 佐 | 佐藤 直樹・経理マネージャー | 北陸部品工業株式会社 | 未確認 | 東京電子工業株式会社 | 東京電子工業株式会社⚠ | 株式会社山田製作所 | 株式会社山田製作所⚠ | 氏名 | 沖縄物流センター | 発注管理 | 発注管理 PO-2026-5426 | 発注管理 PO-2026-5431 | 発注管理PO-2026-5427 | 発注管理PO-2026-5428 | 発注管理PO-2026-5429 | 発注管理PO-2026-5430 | 発注管理PO-2026-5432 | 発注管理PO-2026-5433 | 発注管理PO-2026-5434 | 発注管理PO-2026-5435 | 社員ID | 福岡システム設計 | 算 | 経費承認（管理職） | 請求書承認・経費精 | 財務 | 財務会計システム | 財務会計業務 | 金額 | 関西物流サービス | 項目,"12件 = 12 items | 2026年度·経理部門 = Fiscal Year 2026 - Accounting Department | aあ = aa | ● ダッシュボード = ● Dashboard | ● 支払処理 = ● Payment Processing | ● 発注管理 = ● Order Management | ステータス = status | ダッシュボード/発注管理 = Dashboard/Order Management | 一覧 = List | 予算差異分析 = Budget variance analysis | 佐 = Sa | 佐藤 直樹・経理マネージャー = Naoki Sato, Accounting Manager | 北陸部品工業株式会社 = Hokuriku Parts Industry Co., Ltd. | 未確認 = Unconfirmed | 東京電子工業株式会社 = Tokyo Electronics Industry Co., Ltd. | 東京電子工業株式会社⚠ = Tokyo Electronics Industry Co., Ltd. ⚠ | 株式会社山田製作所 = Yamada Manufacturing Co., Ltd. | 株式会社山田製作所⚠ = Yamada Manufacturing Co., Ltd. ⚠ | 氏名 = full name | 沖縄物流センター = Okinawa Logistics Center | 発注管理 = Order Management | 発注管理 PO-2026-5426 = Order Management PO-2026-5426 | 発注管理 PO-2026-5431 = Order Management PO-2026-5431 | 発注管理PO-2026-5427 = Order Management PO-2026-5427 | 発注管理PO-2026-5428 = Order Management PO-2026-5428 | 発注管理PO-2026-5429 = Order Management PO-2026-5429 | 発注管理PO-2026-5430 = Order Management PO-2026-5430 | 発注管理PO-2026-5432 = Order Management PO-2026-5432 | 発注管理PO-2026-5433 = Order Management PO-2026-5433 | 発注管理PO-2026-5434 = Order Management PO-2026-5434 | 発注管理PO-2026-5435 = Order Management PO-2026-5435 | 社員ID = Employee ID | 福岡システム設計 = Fukuoka System Design | 算 = calculation | 経費承認（管理職） = Expense approval (management) | 請求書承認・経費精 = Invoice Approval and Expense Settlement | 財務 = finance | 財務会計システム = Financial accounting system | 財務会計業務 = Financial accounting operations | 金額 = Amount | 関西物流サービス = Kansai Logistics Service | 項目 = item",0.9747636588377373
rt,ses_20260701-164424-CHAITANYA0BCF::12,ses_20260701-164424-CHAITANYA0BCF,12,,employee id | full name | name | amount | status | department,approval | unconfirmed,,,browser_only,12件 | 2026年度·経理部門 | aあ | ● 支払処理 | ステータス | ダッシュボード | ダッシュボードノ発注管理 | 一覧 | 予算差異分析 | 佐 | 佐藤 直樹・経理マネージャー | 北陸部品工業株式会社 | 大和商事株式会社 | 完了 | 未確認 | 氏名 | 沖縄物流センター | 発注管理 | 発注管理PO-2026-5234 | 発注管理PO-2026-5235 | 発注管理PO-2026-5236 | 発注管理PO-2026-5237 | 発注管理PO-2026-5238 | 発注管理PO-2026-5239 | 発注管理PO-2026-5240 | 発注管理PO-2026-5241 | 発注管理PO-2026-5242 | 発注管理PO-2026-5243 | 社員ID | 福岡システム設計 | 算 | 経費承認（管理職） | 請求書承認・経費精 | 財務 | 財務会計システム | 財務会計業務 | 金額 | 関西物流サービス | 項目,"12件 = 12 items | 2026年度·経理部門 = Fiscal Year 2026 - Accounting Department | aあ = aa | ● 支払処理 = ● Payment Processing | ステータス = status | ダッシュボード = Dashboard | ダッシュボードノ発注管理 = Dashboard Order Management | 一覧 = List | 予算差異分析 = Budget variance analysis | 佐 = Sa | 佐藤 直樹・経理マネージャー = Naoki Sato, Accounting Manager | 北陸部品工業株式会社 = Hokuriku Parts Industry Co., Ltd. | 大和商事株式会社 = Yamato Shoji Co., Ltd. | 完了 = completion | 未確認 = Unconfirmed | 氏名 = full name | 沖縄物流センター = Okinawa Logistics Center | 発注管理 = Order Management | 発注管理PO-2026-5234 = Order Management PO-2026-5234 | 発注管理PO-2026-5235 = Order Management PO-2026-5235 | 発注管理PO-2026-5236 = Order Management PO-2026-5236 | 発注管理PO-2026-5237 = Order Management PO-2026-5237 | 発注管理PO-2026-5238 = Order Management PO-2026-5238 | 発注管理PO-2026-5239 = Order Management PO-2026-5239 | 発注管理PO-2026-5240 = Order Management PO-2026-5240 | 発注管理PO-2026-5241 = Order Management PO-2026-5241 | 発注管理PO-2026-5242 = Order Management PO-2026-5242 | 発注管理PO-2026-5243 = Order Management PO-2026-5243 | 社員ID = Employee ID | 福岡システム設計 = Fukuoka System Design | 算 = calculation | 経費承認（管理職） = Expense approval (management) | 請求書承認・経費精 = Invoice Approval and Expense Settlement | 財務 = finance | 財務会計システム = Financial accounting system | 財務会計業務 = Financial accounting operations | 金額 = Amount | 関西物流サービス = Kansai Logistics Service | 項目 = item",0.9705386982136166
rt,ses_20260701-164424-CHAITANYA0BCF::12,ses_20260701-164424-CHAITANYA0BCF,12,,employee id | full name | name | amount | status | department,approval | unconfirmed,,,browser_only,12件 | 2026年度·経理部門 | aあ | ● 支払処理 | ステータス | ダッシュボード | ダッシュボードノ発注管理 | 一覧 | 予算差異分析 | 佐 | 佐藤 直樹・経理マネージャー | 北陸部品工業株式会社 | 大和商事株式会社 | 完了 | 未確認 | 氏名 | 沖縄物流センター | 発注管理 | 発注管理 PO-2026-5234 | 発注管理PO-2026-5235 | 発注管理PO-2026-5236 | 発注管理PO-2026-5237 | 発注管理PO-2026-5238 | 発注管理PO-2026-5239 | 発注管理PO-2026-5240 | 発注管理PO-2026-5241 | 発注管理PO-2026-5242 | 発注管理PO-2026-5243 | 社員ID | 福岡システム設計 | 算 | 経費承認（管理職） | 請求書承認・経費精 | 財務 | 財務会計システム | 財務会計業務 | 金額 | 関西物流サービス | 項目,"12件 = 12 items | 2026年度·経理部門 = Fiscal Year 2026 - Accounting Department | aあ = aa | ● 支払処理 = ● Payment Processing | ステータス = status | ダッシュボード = Dashboard | ダッシュボードノ発注管理 = Dashboard Order Management | 一覧 = List | 予算差異分析 = Budget variance analysis | 佐 = Sa | 佐藤 直樹・経理マネージャー = Naoki Sato, Accounting Manager | 北陸部品工業株式会社 = Hokuriku Parts Industry Co., Ltd. | 大和商事株式会社 = Yamato Shoji Co., Ltd. | 完了 = completion | 未確認 = Unconfirmed | 氏名 = full name | 沖縄物流センター = Okinawa Logistics Center | 発注管理 = Order Management | 発注管理 PO-2026-5234 = Order Management PO-2026-5234 | 発注管理PO-2026-5235 = Order Management PO-2026-5235 | 発注管理PO-2026-5236 = Order Management PO-2026-5236 | 発注管理PO-2026-5237 = Order Management PO-2026-5237 | 発注管理PO-2026-5238 = Order Management PO-2026-5238 | 発注管理PO-2026-5239 = Order Management PO-2026-5239 | 発注管理PO-2026-5240 = Order Management PO-2026-5240 | 発注管理PO-2026-5241 = Order Management PO-2026-5241 | 発注管理PO-2026-5242 = Order Management PO-2026-5242 | 発注管理PO-2026-5243 = Order Management PO-2026-5243 | 社員ID = Employee ID | 福岡システム設計 = Fukuoka System Design | 算 = calculation | 経費承認（管理職） = Expense approval (management) | 請求書承認・経費精 = Invoice Approval and Expense Settlement | 財務 = finance | 財務会計システム = Financial accounting system | 財務会計業務 = Financial accounting operations | 金額 = Amount | 関西物流サービス = Kansai Logistics Service | 項目 = item",0.9703367650508881
rt,ses_20260701-175747-SIDDHIGUPTAB00B::42,ses_20260701-175747-SIDDHIGUPTAB00B,42,,employee id | full name | name | amount | status | department,approval | unconfirmed,,,browser_only,2026年度·経理部門 | Activate Win認/s | Go toSPt10+07106250v006:\先了db\まsLた | aあA | ● ダッシュボード | ● 支払処理 | ● 発注管理 | ステータス | 一覧 | 予算差異分析 | 佐 | 佐藤直樹・経理マネージャー | 北陸部品工業株式会社 | 完了 | 未確認 | 東京電子工業株式会社 | 東京電子工業株式会社A | 株式会社山田製作所 | 氏名 | 沖縄物流センター | 発注管理 PO-2026-5426 | 発注管理 PO-2026-5434 | 発注管理PO-2026-5427 | 発注管理PO-2026-5428 | 発注管理PO-2026-5429 | 発注管理PO-2026-5430 | 発注管理PO-2026-5431 | 発注管理PO-2026-5432 | 発注管理PO-2026-5433 | 発注管理PO-2026-5435 | 発注管理PO-2026-5436 | 発注管理PO-2026-5437 | 社員ID | 福岡システム設計 | 算 | 経費承認（管理職） | 請求書承認・経費精 | 財務 | 財務会計システム | 財務会計業務 | 金額 | 関西物流サービス | 項目,"2026年度·経理部門 = Fiscal Year 2026 - Accounting Department | Activate Win認/s = Activate Win authentication/s | Go toSPt10+07106250v006:\先了db\まsLた = Go toSPt10+07106250v006:\先了db\まsLた | aあA = aaA | ● ダッシュボード = ● Dashboard | ● 支払処理 = ● Payment Processing | ● 発注管理 = ● Order Management | ステータス = status | 一覧 = List | 予算差異分析 = Budget variance analysis | 佐 = Sa | 佐藤直樹・経理マネージャー = Naoki Sato, Accounting Manager | 北陸部品工業株式会社 = Hokuriku Parts Industry Co., Ltd. | 完了 = completion | 未確認 = Unconfirmed | 東京電子工業株式会社 = Tokyo Electronics Industry Co., Ltd. | 東京電子工業株式会社A = Tokyo Electronics Industry Co., Ltd. | 株式会社山田製作所 = Yamada Manufacturing Co., Ltd. | 氏名 = full name | 沖縄物流センター = Okinawa Logistics Center | 発注管理 PO-2026-5426 = Order Management PO-2026-5426 | 発注管理 PO-2026-5434 = Order Management PO-2026-5434 | 発注管理PO-2026-5427 = Order Management PO-2026-5427 | 発注管理PO-2026-5428 = Order Management PO-2026-5428 | 発注管理PO-2026-5429 = Order Management PO-2026-5429 | 発注管理PO-2026-5430 = Order Management PO-2026-5430 | 発注管理PO-2026-5431 = Order Management PO-2026-5431 | 発注管理PO-2026-5432 = Order Management PO-2026-5432 | 発注管理PO-2026-5433 = Order Management PO-2026-5433 | 発注管理PO-2026-5435 = Order Management PO-2026-5435 | 発注管理PO-2026-5436 = Order Management PO-2026-5436 | 発注管理PO-2026-5437 = Order Management PO-2026-5437 | 社員ID = Employee ID | 福岡システム設計 = Fukuoka System Design | 算 = calculation | 経費承認（管理職） = Expense approval (management) | 請求書承認・経費精 = Invoice Approval and Expense Settlement | 財務 = finance | 財務会計システム = Financial accounting system | 財務会計業務 = Financial accounting operations | 金額 = Amount | 関西物流サービス = Kansai Logistics Service | 項目 = item",0.9698721178940364
rt,ses_20260701-175747-SIDDHIGUPTAB00B::10,ses_20260701-175747-SIDDHIGUPTAB00B,10,,employee id | full name | name | amount | status | department,approval | unconfirmed,,,browser_only,12件 | 2026年度·経理部門 | aあA | ● ダッシュボード | ● 支払処理 | ● 発注管理 | ステータス | 一覧 | 予算差異分析 | 佐 | 佐藤 直樹・経理マネージャー | 北陸部品工業株式会社 | 完了 | 未確認 | 東京電子工業株式会社 | 東京電子工業株式会社⚠ | 株式会社山田製作所 | 氏名 | 沖縄物流センター | 発注管理 | 発注管理 PO-2026-5427 | 発注管理 PO-2026-5435 | 発注管理PO-2026-5426 | 発注管理PO-2026-5428 | 発注管理PO-2026-5429 | 発注管理PO-2026-5430 | 発注管理PO-2026-5431 | 発注管理PO-2026-5432 | 発注管理PO-2026-5433 | 発注管理PO-2026-5434 | 発注管理PO-2026-5436 | 社員ID | 福岡システム設計 | 算 | 経費承認（管理職） | 請求書承認・経費精 | 財務 | 財務会計システム | 財務会計業務 | 金額 | 関西物流サービス | 項目,"12件 = 12 items | 2026年度·経理部門 = Fiscal Year 2026 - Accounting Department | aあA = aaA | ● ダッシュボード = ● Dashboard | ● 支払処理 = ● Payment Processing | ● 発注管理 = ● Order Management | ステータス = status | 一覧 = List | 予算差異分析 = Budget variance analysis | 佐 = Sa | 佐藤 直樹・経理マネージャー = Naoki Sato, Accounting Manager | 北陸部品工業株式会社 = Hokuriku Parts Industry Co., Ltd. | 完了 = completion | 未確認 = Unconfirmed | 東京電子工業株式会社 = Tokyo Electronics Industry Co., Ltd. | 東京電子工業株式会社⚠ = Tokyo Electronics Industry Co., Ltd. ⚠ | 株式会社山田製作所 = Yamada Manufacturing Co., Ltd. | 氏名 = full name | 沖縄物流センター = Okinawa Logistics Center | 発注管理 = Order Management | 発注管理 PO-2026-5427 = Order Management PO-2026-5427 | 発注管理 PO-2026-5435 = Order Management PO-2026-5435 | 発注管理PO-2026-5426 = Order Management PO-2026-5426 | 発注管理PO-2026-5428 = Order Management PO-2026-5428 | 発注管理PO-2026-5429 = Order Management PO-2026-5429 | 発注管理PO-2026-5430 = Order Management PO-2026-5430 | 発注管理PO-2026-5431 = Order Management PO-2026-5431 | 発注管理PO-2026-5432 = Order Management PO-2026-5432 | 発注管理PO-2026-5433 = Order Management PO-2026-5433 | 発注管理PO-2026-5434 = Order Management PO-2026-5434 | 発注管理PO-2026-5436 = Order Management PO-2026-5436 | 社員ID = Employee ID | 福岡システム設計 = Fukuoka System Design | 算 = calculation | 経費承認（管理職） = Expense approval (management) | 請求書承認・経費精 = Invoice Approval and Expense Settlement | 財務 = finance | 財務会計システム = Financial accounting system | 財務会計業務 = Financial accounting operations | 金額 = Amount | 関西物流サービス = Kansai Logistics Service | 項目 = item",0.9695141694499451
si,ses_20260701-173246-SIDDHIGUPTAB00B::8,ses_20260701-173246-SIDDHIGUPTAB00B,8,social insurance | maternity leave | childcare leave | exemption,employee id | full name | name | status | type | department | family allowance | social insurance | resident tax | attendance,processing_complete,,,browser_only,12件·10件処理待ち | 2026年度·人事部門 | HR人事給与システム | aあA | ● ダッシュボード | ● 住民税・その他 | ● 入社手続き | ● 福利厚生申請 | ステータス | ダッシュボードノ福利厚生申請 | 上野大樹 | 人事 | 人事業務 | 介護休業申請 | 介護休業給付金手続き | 住宅手当変更申請 | 住居変更に伴う手当改定 | 処理一覧 | 処理完了 | 処理待ち | 勤怠・休暇申請 | 家族手当申請 | 対象年月 | 岡田智也 | 島田奈々 | 扶養家族追加登録 | 桐島 涼介 | 氏名 | 津田将太 | 産休中社保免除申請 | 産前産後休暇申請 | 田 | 田中麻里・人事マネージャー | 申請種別 | 石田 美奈 | 社員ID | 福利厚生申請 | 経費精算・給与変更 | 育児休業期間中社保免除 | 育児休業申請 | 菊池理恵 | 詳細 | 首,"12件·10件処理待ち = 12 items - 10 items pending processing | 2026年度·人事部門 = FY2026・Human Resources Department | HR人事給与システム = HR (Human Resources and Payroll) System | aあA = aaA | ● ダッシュボード = ● Dashboard | ● 住民税・その他 = ● Resident tax and other taxes | ● 入社手続き = ● Onboarding procedures | ● 福利厚生申請 = ● Application for employee benefits | ステータス = status | ダッシュボードノ福利厚生申請 = Dashboard Employee Benefits Application | 上野大樹 = Daiki Ueno | 人事 = human resources | 人事業務 = Human resources operations | 介護休業申請 = Application for caregiving leave | 介護休業給付金手続き = Application for Caregiving Leave Benefits | 住宅手当変更申請 = Application for change of housing allowance | 住居変更に伴う手当改定 = Allowance revision due to change of residence | 処理一覧 = Processing list | 処理完了 = Processing complete | 処理待ち = Waiting for processing | 勤怠・休暇申請 = Attendance and leave application | 家族手当申請 = Family allowance application | 対象年月 = Target year and month | 岡田智也 = Tomoya Okada | 島田奈々 = Nana Shimada | 扶養家族追加登録 = Adding dependents | 桐島 涼介 = Ryosuke Kirishima | 氏名 = full name | 津田将太 = Shota Tsuda | 産休中社保免除申請 = Application for exemption from social insurance during maternity leave | 産前産後休暇申請 = Application for maternity leave | 田 = Field | 田中麻里・人事マネージャー = Mari Tanaka, Human Resources Manager | 申請種別 = Application Type | 石田 美奈 = Mina Ishida | 社員ID = Employee ID | 福利厚生申請 = Employee benefits application | 経費精算・給与変更 = Expense reimbursement and payroll changes | 育児休業期間中社保免除 = Social insurance exemption during childcare leave | 育児休業申請 = Application for childcare leave | 菊池理恵 = Rie Kikuchi | 詳細 = detail | 首 = neck",0.9737805679064839
si,ses_20260701-173246-SIDDHIGUPTAB00B::8,ses_20260701-173246-SIDDHIGUPTAB00B,8,social insurance | maternity leave | childcare leave | exemption,employee id | full name | name | status | type | department | family allowance | social insurance | resident tax | attendance,processing_complete,,,browser_only,12件·10件処理待ち | 2026年度·人事部門 | HR人事給与システム | aあA | ● ダッシュボード | ● 住民税・その他 | ● 入社手続き | ● 福利厚生申請 | ステータス | ダッシュボードノ福利厚生申請 | 上野大樹 | 人事 | 人事業務 | 介護休業申請 | 介護休業給付金手続き | 住宅手当変更申請 | 住居変更に伴う手当改定 | 処理一覧 | 処理完了 | 処理待ち | 勤怠・休暇申請 | 家族手当申請 | 対象年月 | 岡田智也 | 島田奈々 | 扶養家族追加登録 | 桐島涼介 | 氏名 | 津田将太 | 産休中社保免除申請 | 産前産後休暇申請 | 田 | 田中麻里・人事マネージャー | 申請種別 | 石田美奈 | 社員ID | 福利厚生申請 | 経費精算·給与変更 | 育児休業期間中社保免除 | 育児休業申請 | 菊池理恵 | 詳細 | 首,"12件·10件処理待ち = 12 items - 10 items pending processing | 2026年度·人事部門 = FY2026・Human Resources Department | HR人事給与システム = HR (Human Resources and Payroll) System | aあA = aaA | ● ダッシュボード = ● Dashboard | ● 住民税・その他 = ● Resident tax and other taxes | ● 入社手続き = ● Onboarding procedures | ● 福利厚生申請 = ● Application for employee benefits | ステータス = status | ダッシュボードノ福利厚生申請 = Dashboard Employee Benefits Application | 上野大樹 = Daiki Ueno | 人事 = human resources | 人事業務 = Human resources operations | 介護休業申請 = Application for caregiving leave | 介護休業給付金手続き = Application for Caregiving Leave Benefits | 住宅手当変更申請 = Application for change of housing allowance | 住居変更に伴う手当改定 = Allowance revision due to change of residence | 処理一覧 = Processing list | 処理完了 = Processing complete | 処理待ち = Waiting for processing | 勤怠・休暇申請 = Attendance and leave application | 家族手当申請 = Family allowance application | 対象年月 = Target year and month | 岡田智也 = Tomoya Okada | 島田奈々 = Nana Shimada | 扶養家族追加登録 = Adding dependents | 桐島涼介 = Ryosuke Kirishima | 氏名 = full name | 津田将太 = Shota Tsuda | 産休中社保免除申請 = Application for exemption from social insurance during maternity leave | 産前産後休暇申請 = Application for maternity leave | 田 = Field | 田中麻里・人事マネージャー = Mari Tanaka, Human Resources Manager | 申請種別 = Application Type | 石田美奈 = Ishida Mina | 社員ID = Employee ID | 福利厚生申請 = Employee benefits application | 経費精算·給与変更 = Expense reimbursement and payroll changes | 育児休業期間中社保免除 = Social insurance exemption during childcare leave | 育児休業申請 = Application for childcare leave | 菊池理恵 = Rie Kikuchi | 詳細 = detail | 首 = neck",0.9730807706713677
si,ses_20260701-173246-SIDDHIGUPTAB00B::8,ses_20260701-173246-SIDDHIGUPTAB00B,8,social insurance | maternity leave | childcare leave | exemption,employee id | full name | name | status | type | department | family allowance | social insurance | resident tax | attendance,processing_complete,,,browser_only,12件·11件処理待ち | 2026年度·人事部門 | HR人事給与システム | aあA | ● ダッシュボード | ● 住民税・その他 | ● 入社手続き | ● 福利厚生申請 | ステータス | ダッシュボードノ福利厚生申請 | 上野大樹 | 人事 | 人事業務 | 介護休業申請 | 介護休業給付金手続き | 住宅手当変更申請 | 住居変更に伴う手当改定 | 処理一覧 | 処理完了 | 処理待ち | 勤怠・休暇申請 | 家族手当申請 | 対象年月 | 岡田智也 | 島田奈々 | 扶養家族追加登録 | 桐島涼介 | 氏名 | 津田将太 | 産休中社保免除申請 | 産前産後休暇申請 | 田 | 田中 麻里・人事マネージャー | 申請種別 | 石田美奈 | 社員ID | 福利厚生申請 | 経費精算·給与変更 | 育児休業期間中社保免除 | 育児休業申請 | 菊池理恵 | 詳細 | 首,"12件·11件処理待ち = 12 items - 11 items pending processing | 2026年度·人事部門 = FY2026・Human Resources Department | HR人事給与システム = HR (Human Resources and Payroll) System | aあA = aaA | ● ダッシュボード = ● Dashboard | ● 住民税・その他 = ● Resident tax and other taxes | ● 入社手続き = ● Onboarding procedures | ● 福利厚生申請 = ● Application for employee benefits | ステータス = status | ダッシュボードノ福利厚生申請 = Dashboard Employee Benefits Application | 上野大樹 = Daiki Ueno | 人事 = human resources | 人事業務 = Human resources operations | 介護休業申請 = Application for caregiving leave | 介護休業給付金手続き = Application for Caregiving Leave Benefits | 住宅手当変更申請 = Application for change of housing allowance | 住居変更に伴う手当改定 = Allowance revision due to change of residence | 処理一覧 = Processing list | 処理完了 = Processing complete | 処理待ち = Waiting for processing | 勤怠・休暇申請 = Attendance and leave application | 家族手当申請 = Family allowance application | 対象年月 = Target year and month | 岡田智也 = Tomoya Okada | 島田奈々 = Nana Shimada | 扶養家族追加登録 = Adding dependents | 桐島涼介 = Ryosuke Kirishima | 氏名 = full name | 津田将太 = Shota Tsuda | 産休中社保免除申請 = Application for exemption from social insurance during maternity leave | 産前産後休暇申請 = Application for maternity leave | 田 = Field | 田中 麻里・人事マネージャー = Mari Tanaka, Human Resources Manager | 申請種別 = Application Type | 石田美奈 = Ishida Mina | 社員ID = Employee ID | 福利厚生申請 = Employee benefits application | 経費精算·給与変更 = Expense reimbursement and payroll changes | 育児休業期間中社保免除 = Social insurance exemption during childcare leave | 育児休業申請 = Application for childcare leave | 菊池理恵 = Rie Kikuchi | 詳細 = detail | 首 = neck",0.9728756080071131
si,ses_20260701-173642-NEELA9BAF::8,ses_20260701-173642-NEELA9BAF,8,social insurance | maternity leave | childcare leave | exemption,employee id | full name | name | status | type | department | family allowance | social insurance | resident tax | attendance,processing_complete,,,browser_only,12件·11件処理待ち | 2026年度·人事部門 | HR人事給与システム | aあ | ● ダッシュボード | ● 住民税・その他 | ● 入社手続き | ● 勤怠・休暇申請 | ● 福利厚生申請 | ステータス | ダッシュボードノ福利厚生申請 | 上野大樹 | 二xum | 人事 | 人事業務 | 介護休業申請 | 介護休業給付金手続き | 住宅手当変更申請 | 住居変更に伴う手当改定 | 処理一覧 | 処理完了 | 処理待ち | 坂本裕二 | 家族手当申請 | 対象年月 | 岡田 智也 | 岡田智也 | 扶養家族追加登録 | 桐島 涼介 | 氏名 | 河野明日香 | 津田将太 | 産休中社保免除申請 | 産前産後休暇申請 | 田 | 田中 麻里・人事マネージャー | 申請種別 | 社員ID | 福利厚生申請 | 経費精算·給与変更 | 育児休業期間中社保免除 | 育児休業申請 | 詳細 | 遠山健一 | 青木拓也,"12件·11件処理待ち = 12 items - 11 items pending processing | 2026年度·人事部門 = FY2026・Human Resources Department | HR人事給与システム = HR (Human Resources and Payroll) System | aあ = aa | ● ダッシュボード = ● Dashboard | ● 住民税・その他 = ● Resident tax and other taxes | ● 入社手続き = ● Onboarding procedures | ● 勤怠・休暇申請 = ● Attendance and leave application | ● 福利厚生申請 = ● Application for employee benefits | ステータス = status | ダッシュボードノ福利厚生申請 = Dashboard Employee Benefits Application | 上野大樹 = Daiki Ueno | 二xum = two xum | 人事 = human resources | 人事業務 = Human resources operations | 介護休業申請 = Application for caregiving leave | 介護休業給付金手続き = Application for Caregiving Leave Benefits | 住宅手当変更申請 = Application for change of housing allowance | 住居変更に伴う手当改定 = Allowance revision due to change of residence | 処理一覧 = Processing list | 処理完了 = Processing complete | 処理待ち = Waiting for processing | 坂本裕二 = Yuji Sakamoto | 家族手当申請 = Family allowance application | 対象年月 = Target year and month | 岡田 智也 = Tomoya Okada | 岡田智也 = Tomoya Okada | 扶養家族追加登録 = Adding dependents | 桐島 涼介 = Ryosuke Kirishima | 氏名 = full name | 河野明日香 = Asuka Kono | 津田将太 = Shota Tsuda | 産休中社保免除申請 = Application for exemption from social insurance during maternity leave | 産前産後休暇申請 = Application for maternity leave | 田 = Field | 田中 麻里・人事マネージャー = Mari Tanaka, Human Resources Manager | 申請種別 = Application Type | 社員ID = Employee ID | 福利厚生申請 = Employee benefits application | 経費精算·給与変更 = Expense reimbursement and payroll changes | 育児休業期間中社保免除 = Social insurance exemption during childcare leave | 育児休業申請 = Application for childcare leave | 詳細 = detail | 遠山健一 = Kenichi Toyama | 青木拓也 = Takuya Aoki",0.9712814304511994
si,ses_20260701-173642-NEELA9BAF::8,ses_20260701-173642-NEELA9BAF,8,social insurance | maternity leave | childcare leave | exemption,employee id | full name | name | status | type | department | family allowance | social insurance | resident tax | attendance,processing_complete,,,browser_only,12件·11件処理待ち | 2026年度·人事部門 | HR人事給与システム | P5-07047510-002:処理完了しました | aあ | ● ダッシュボード | ● 住民税・その他 | ● 入社手続き | ● 勤怠・休暇申請 | ステータス | ダッシュボードノ福利厚生申講 | 上野大樹 | 人事 | 人事業務 | 介護休業申請 | 介護休業給付金手続き | 住宅手当変更申請 | 住居変更に伴う手当改定 | 住居変更に伴う手当敌定 | 処理一覧 | 処理待ち | 坂本裕二 | 如理完了 | 家族手当申請 | 対象年月 | 岡田智也 | 扶美家族追加登録 | 扶養家族追加登錄 | 桐島凉介 | 氏名 | 河野明日香 | 津田将太 | 産休中社保免除申請 | 産前産後休暇申請 | 田 | 田中 麻里・人事マネージャー | 申請種別 | 社員ID | 福利厚生申請 | 経費精算・給与変更 | 育児休業期間中社保免除 | 育児休業申請 | 詳細 | 遠山健一 | 青木拓也,"12件·11件処理待ち = 12 items - 11 items pending processing | 2026年度·人事部門 = FY2026・Human Resources Department | HR人事給与システム = HR (Human Resources and Payroll) System | P5-07047510-002:処理完了しました = P5-07047510-002: Processing complete. | aあ = aa | ● ダッシュボード = ● Dashboard | ● 住民税・その他 = ● Resident tax and other taxes | ● 入社手続き = ● Onboarding procedures | ● 勤怠・休暇申請 = ● Attendance and leave application | ステータス = status | ダッシュボードノ福利厚生申講 = Dashboard Employee Benefits Application | 上野大樹 = Daiki Ueno | 人事 = human resources | 人事業務 = Human resources operations | 介護休業申請 = Application for caregiving leave | 介護休業給付金手続き = Application for Caregiving Leave Benefits | 住宅手当変更申請 = Application for change of housing allowance | 住居変更に伴う手当改定 = Allowance revision due to change of residence | 住居変更に伴う手当敌定 = Provision of allowances due to change of residence | 処理一覧 = Processing list | 処理待ち = Waiting for processing | 坂本裕二 = Yuji Sakamoto | 如理完了 = Completion of Nyori | 家族手当申請 = Family allowance application | 対象年月 = Target year and month | 岡田智也 = Tomoya Okada | 扶美家族追加登録 = Fumi Family Member Addition Registration | 扶養家族追加登錄 = Addition of dependents | 桐島凉介 = Ryosuke Kirishima | 氏名 = full name | 河野明日香 = Asuka Kono | 津田将太 = Shota Tsuda | 産休中社保免除申請 = Application for exemption from social insurance during maternity leave | 産前産後休暇申請 = Application for maternity leave | 田 = Field | 田中 麻里・人事マネージャー = Mari Tanaka, Human Resources Manager | 申請種別 = Application Type | 社員ID = Employee ID | 福利厚生申請 = Employee benefits application | 経費精算・給与変更 = Expense reimbursement and payroll changes | 育児休業期間中社保免除 = Social insurance exemption during childcare leave | 育児休業申請 = Application for childcare leave | 詳細 = detail | 遠山健一 = Kenichi Toyama | 青木拓也 = Takuya Aoki",0.9711092297486433
